"Experiment Accession","Experiment Title","Organism Name","Instrument","Submitter","Study Accession","Study Title","Sample Accession","Sample Title","Total Size, Mb","Total RUNs","Total Spots","Total Bases","Library Name","Library Strategy","Library Source","Library Selection"
"SRX17380352","shotgun metagenomic sequencing of university campus sewer: HAL_20","wastewater metagenome","Illumina NovaSeq 6000","University of Colorado, Boulder","SRP395024","A metagenomic investigation of spatial and temporal changes in sewage microbiomes across a university campus","SRS14939530","","513.35","1","5237383","1581689666","HAL_20","WGS","METAGENOMIC","RANDOM"
"SRX17380351","shotgun metagenomic sequencing of university campus sewer: HAL_17","wastewater metagenome","Illumina NovaSeq 6000","University of Colorado, Boulder","SRP395024","A metagenomic investigation of spatial and temporal changes in sewage microbiomes across a university campus","SRS14939529","","487.19","1","5132252","1549940104","HAL_17","WGS","METAGENOMIC","RANDOM"
"SRX17380350","shotgun metagenomic sequencing of university campus sewer: HAL_15","wastewater metagenome","Illumina NovaSeq 6000","University of Colorado, Boulder","SRP395024","A metagenomic investigation of spatial and temporal changes in sewage microbiomes across a university campus","SRS14939528","","269.19","1","2753702","831618004","HAL_15","WGS","METAGENOMIC","RANDOM"
"SRX17380349","shotgun metagenomic sequencing of university campus sewer: HAL_13","wastewater metagenome","Illumina NovaSeq 6000","University of Colorado, Boulder","SRP395024","A metagenomic investigation of spatial and temporal changes in sewage microbiomes across a university campus","SRS14939527","","453.41","1","4775711","1442264722","HAL_13","WGS","METAGENOMIC","RANDOM"
"SRX17380348","shotgun metagenomic sequencing of university campus sewer: HAL_12","wastewater metagenome","Illumina NovaSeq 6000","University of Colorado, Boulder","SRP395024","A metagenomic investigation of spatial and temporal changes in sewage microbiomes across a university campus","SRS14939526","","513.23","1","5578758","1684784916","HAL_12","WGS","METAGENOMIC","RANDOM"
"SRX17380347","shotgun metagenomic sequencing of university campus sewer: HAL_10","wastewater metagenome","Illumina NovaSeq 6000","University of Colorado, Boulder","SRP395024","A metagenomic investigation of spatial and temporal changes in sewage microbiomes across a university campus","SRS14939525","","569.86","1","6171405","1863764310","HAL_10","WGS","METAGENOMIC","RANDOM"
"SRX17380346","shotgun metagenomic sequencing of university campus sewer: FAR_8","wastewater metagenome","Illumina NovaSeq 6000","University of Colorado, Boulder","SRP395024","A metagenomic investigation of spatial and temporal changes in sewage microbiomes across a university campus","SRS14939524","","574.38","1","6111742","1845746084","FAR_8","WGS","METAGENOMIC","RANDOM"
"SRX17380345","shotgun metagenomic sequencing of university campus sewer: FAR_6","wastewater metagenome","Illumina NovaSeq 6000","University of Colorado, Boulder","SRP395024","A metagenomic investigation of spatial and temporal changes in sewage microbiomes across a university campus","SRS14939523","","508","1","5422779","1637679258","FAR_6","WGS","METAGENOMIC","RANDOM"
"SRX17380344","shotgun metagenomic sequencing of university campus sewer: FAR_5","wastewater metagenome","Illumina NovaSeq 6000","University of Colorado, Boulder","SRP395024","A metagenomic investigation of spatial and temporal changes in sewage microbiomes across a university campus","SRS14939522","","607.36","1","6658763","2010946426","FAR_5","WGS","METAGENOMIC","RANDOM"
"SRX17380343","shotgun metagenomic sequencing of university campus sewer: FAR_3","wastewater metagenome","Illumina NovaSeq 6000","University of Colorado, Boulder","SRP395024","A metagenomic investigation of spatial and temporal changes in sewage microbiomes across a university campus","SRS14939521","","901.78","1","10014138","3024269676","FAR_3","WGS","METAGENOMIC","RANDOM"
"SRX17380342","shotgun metagenomic sequencing of university campus sewer: BAK_6","wastewater metagenome","Illumina NovaSeq 6000","University of Colorado, Boulder","SRP395024","A metagenomic investigation of spatial and temporal changes in sewage microbiomes across a university campus","SRS14939520","","428.61","1","4617469","1394475638","BAK_6","WGS","METAGENOMIC","RANDOM"
"SRX17380341","shotgun metagenomic sequencing of university campus sewer: FAR_20","wastewater metagenome","Illumina NovaSeq 6000","University of Colorado, Boulder","SRP395024","A metagenomic investigation of spatial and temporal changes in sewage microbiomes across a university campus","SRS14939519","","885.56","1","9794140","2957830280","FAR_20","WGS","METAGENOMIC","RANDOM"
"SRX17380340","shotgun metagenomic sequencing of university campus sewer: FAR_1","wastewater metagenome","Illumina NovaSeq 6000","University of Colorado, Boulder","SRP395024","A metagenomic investigation of spatial and temporal changes in sewage microbiomes across a university campus","SRS14939518","","582.59","1","6418840","1938489680","FAR_1","WGS","METAGENOMIC","RANDOM"
"SRX17380339","shotgun metagenomic sequencing of university campus sewer: FAR_19","wastewater metagenome","Illumina NovaSeq 6000","University of Colorado, Boulder","SRP395024","A metagenomic investigation of spatial and temporal changes in sewage microbiomes across a university campus","SRS14939517","","529.53","1","5452417","1646629934","FAR_19","WGS","METAGENOMIC","RANDOM"
"SRX17380338","shotgun metagenomic sequencing of university campus sewer: FAR_17","wastewater metagenome","Illumina NovaSeq 6000","University of Colorado, Boulder","SRP395024","A metagenomic investigation of spatial and temporal changes in sewage microbiomes across a university campus","SRS14939516","","692.96","1","6970225","2105007950","FAR_17","WGS","METAGENOMIC","RANDOM"
"SRX17380337","shotgun metagenomic sequencing of university campus sewer: FAR_15","wastewater metagenome","Illumina NovaSeq 6000","University of Colorado, Boulder","SRP395024","A metagenomic investigation of spatial and temporal changes in sewage microbiomes across a university campus","SRS14939515","","913.23","1","10133763","3060396426","FAR_15","WGS","METAGENOMIC","RANDOM"
"SRX17380336","shotgun metagenomic sequencing of university campus sewer: FAR_13","wastewater metagenome","Illumina NovaSeq 6000","University of Colorado, Boulder","SRP395024","A metagenomic investigation of spatial and temporal changes in sewage microbiomes across a university campus","SRS14939514","","527.44","1","5563161","1680074622","FAR_13","WGS","METAGENOMIC","RANDOM"
"SRX17380335","shotgun metagenomic sequencing of university campus sewer: WIL_8","wastewater metagenome","Illumina NovaSeq 6000","University of Colorado, Boulder","SRP395024","A metagenomic investigation of spatial and temporal changes in sewage microbiomes across a university campus","SRS14939513","","555.83","1","6023704","1819158608","WIL_8","WGS","METAGENOMIC","RANDOM"
"SRX17380334","shotgun metagenomic sequencing of university campus sewer: WIL_6","wastewater metagenome","Illumina NovaSeq 6000","University of Colorado, Boulder","SRP395024","A metagenomic investigation of spatial and temporal changes in sewage microbiomes across a university campus","SRS14939512","","644.66","1","7007573","2116287046","WIL_6","WGS","METAGENOMIC","RANDOM"
"SRX17380333","shotgun metagenomic sequencing of university campus sewer: WIL_5","wastewater metagenome","Illumina NovaSeq 6000","University of Colorado, Boulder","SRP395024","A metagenomic investigation of spatial and temporal changes in sewage microbiomes across a university campus","SRS14939511","","590.68","1","6211155","1875768810","WIL_5","WGS","METAGENOMIC","RANDOM"
"SRX17380332","shotgun metagenomic sequencing of university campus sewer: WIL_3","wastewater metagenome","Illumina NovaSeq 6000","University of Colorado, Boulder","SRP395024","A metagenomic investigation of spatial and temporal changes in sewage microbiomes across a university campus","SRS14939510","","664.28","1","7162566","2163094932","WIL_3","WGS","METAGENOMIC","RANDOM"
"SRX17380331","shotgun metagenomic sequencing of university campus sewer: WIL_20","wastewater metagenome","Illumina NovaSeq 6000","University of Colorado, Boulder","SRP395024","A metagenomic investigation of spatial and temporal changes in sewage microbiomes across a university campus","SRS14939509","","201.51","1","2083383","629181666","WIL_20","WGS","METAGENOMIC","RANDOM"
"SRX17380330","shotgun metagenomic sequencing of university campus sewer: WIL_19","wastewater metagenome","Illumina NovaSeq 6000","University of Colorado, Boulder","SRP395024","A metagenomic investigation of spatial and temporal changes in sewage microbiomes across a university campus","SRS14939508","","354.73","1","3758480","1135060960","WIL_19","WGS","METAGENOMIC","RANDOM"
"SRX17380329","shotgun metagenomic sequencing of university campus sewer: WIL_17","wastewater metagenome","Illumina NovaSeq 6000","University of Colorado, Boulder","SRP395024","A metagenomic investigation of spatial and temporal changes in sewage microbiomes across a university campus","SRS14939506","","544.49","1","5798112","1751029824","WIL_17","WGS","METAGENOMIC","RANDOM"
"SRX17380328","shotgun metagenomic sequencing of university campus sewer: WIL_15","wastewater metagenome","Illumina NovaSeq 6000","University of Colorado, Boulder","SRP395024","A metagenomic investigation of spatial and temporal changes in sewage microbiomes across a university campus","SRS14939507","","425.32","1","4559194","1376876588","WIL_15","WGS","METAGENOMIC","RANDOM"
"SRX17380327","shotgun metagenomic sequencing of university campus sewer: BAS_20","wastewater metagenome","Illumina NovaSeq 6000","University of Colorado, Boulder","SRP395024","A metagenomic investigation of spatial and temporal changes in sewage microbiomes across a university campus","SRS14939504","","555.56","1","6045872","1825853344","BAS_20","WGS","METAGENOMIC","RANDOM"
"SRX17380326","shotgun metagenomic sequencing of university campus sewer: WIL_13","wastewater metagenome","Illumina NovaSeq 6000","University of Colorado, Boulder","SRP395024","A metagenomic investigation of spatial and temporal changes in sewage microbiomes across a university campus","SRS14939505","","427.54","1","4195758","1267118916","WIL_13","WGS","METAGENOMIC","RANDOM"
"SRX17380325","shotgun metagenomic sequencing of university campus sewer: WIL_12","wastewater metagenome","Illumina NovaSeq 6000","University of Colorado, Boulder","SRP395024","A metagenomic investigation of spatial and temporal changes in sewage microbiomes across a university campus","SRS14939503","","359.62","1","3744278","1130771956","WIL_12","WGS","METAGENOMIC","RANDOM"
"SRX17380324","shotgun metagenomic sequencing of university campus sewer: WIL_10","wastewater metagenome","Illumina NovaSeq 6000","University of Colorado, Boulder","SRP395024","A metagenomic investigation of spatial and temporal changes in sewage microbiomes across a university campus","SRS14939502","","396.08","1","4152132","1253943864","WIL_10","WGS","METAGENOMIC","RANDOM"
"SRX17380323","shotgun metagenomic sequencing of university campus sewer: WEB_8","wastewater metagenome","Illumina NovaSeq 6000","University of Colorado, Boulder","SRP395024","A metagenomic investigation of spatial and temporal changes in sewage microbiomes across a university campus","SRS14939501","","743.98","1","8132396","2455983592","WEB_8","WGS","METAGENOMIC","RANDOM"
"SRX17380322","shotgun metagenomic sequencing of university campus sewer: WEB_6","wastewater metagenome","Illumina NovaSeq 6000","University of Colorado, Boulder","SRP395024","A metagenomic investigation of spatial and temporal changes in sewage microbiomes across a university campus","SRS14939499","","639.31","1","6823487","2060693074","WEB_6","WGS","METAGENOMIC","RANDOM"
"SRX17380321","shotgun metagenomic sequencing of university campus sewer: WEB_5","wastewater metagenome","Illumina NovaSeq 6000","University of Colorado, Boulder","SRP395024","A metagenomic investigation of spatial and temporal changes in sewage microbiomes across a university campus","SRS14939500","","465.84","1","4898155","1479242810","WEB_5","WGS","METAGENOMIC","RANDOM"
"SRX17380320","shotgun metagenomic sequencing of university campus sewer: WEB_3","wastewater metagenome","Illumina NovaSeq 6000","University of Colorado, Boulder","SRP395024","A metagenomic investigation of spatial and temporal changes in sewage microbiomes across a university campus","SRS14939498","","489.9","1","5063085","1529051670","WEB_3","WGS","METAGENOMIC","RANDOM"
"SRX17380319","shotgun metagenomic sequencing of university campus sewer: WEB_20","wastewater metagenome","Illumina NovaSeq 6000","University of Colorado, Boulder","SRP395024","A metagenomic investigation of spatial and temporal changes in sewage microbiomes across a university campus","SRS14939497","","165.24","1","1710515","516575530","WEB_20","WGS","METAGENOMIC","RANDOM"
"SRX17380318","shotgun metagenomic sequencing of university campus sewer: WEB_1","wastewater metagenome","Illumina NovaSeq 6000","University of Colorado, Boulder","SRP395024","A metagenomic investigation of spatial and temporal changes in sewage microbiomes across a university campus","SRS14939496","","233.26","1","2470071","745961442","WEB_1","WGS","METAGENOMIC","RANDOM"
"SRX17380317","shotgun metagenomic sequencing of university campus sewer: WEB_19","wastewater metagenome","Illumina NovaSeq 6000","University of Colorado, Boulder","SRP395024","A metagenomic investigation of spatial and temporal changes in sewage microbiomes across a university campus","SRS14939495","","334.77","1","3545584","1070766368","WEB_19","WGS","METAGENOMIC","RANDOM"
"SRX17380316","shotgun metagenomic sequencing of university campus sewer: BAS_1","wastewater metagenome","Illumina NovaSeq 6000","University of Colorado, Boulder","SRP395024","A metagenomic investigation of spatial and temporal changes in sewage microbiomes across a university campus","SRS14939494","","735.37","1","8032369","2425775438","BAS_1","WGS","METAGENOMIC","RANDOM"
"SRX17380315","shotgun metagenomic sequencing of university campus sewer: WEB_17","wastewater metagenome","Illumina NovaSeq 6000","University of Colorado, Boulder","SRP395024","A metagenomic investigation of spatial and temporal changes in sewage microbiomes across a university campus","SRS14939492","","448.89","1","4610426","1392348652","WEB_17","WGS","METAGENOMIC","RANDOM"
"SRX17380314","shotgun metagenomic sequencing of university campus sewer: WEB_15","wastewater metagenome","Illumina NovaSeq 6000","University of Colorado, Boulder","SRP395024","A metagenomic investigation of spatial and temporal changes in sewage microbiomes across a university campus","SRS14939493","","172.91","1","1812177","547277454","WEB_15","WGS","METAGENOMIC","RANDOM"
"SRX17380313","shotgun metagenomic sequencing of university campus sewer: WEB_13","wastewater metagenome","Illumina NovaSeq 6000","University of Colorado, Boulder","SRP395024","A metagenomic investigation of spatial and temporal changes in sewage microbiomes across a university campus","SRS14939491","","369.54","1","3977803","1201296506","WEB_13","WGS","METAGENOMIC","RANDOM"
"SRX17380312","shotgun metagenomic sequencing of university campus sewer: WEB_12","wastewater metagenome","Illumina NovaSeq 6000","University of Colorado, Boulder","SRP395024","A metagenomic investigation of spatial and temporal changes in sewage microbiomes across a university campus","SRS14939490","","360.94","1","3775959","1140339618","WEB_12","WGS","METAGENOMIC","RANDOM"
"SRX17380311","shotgun metagenomic sequencing of university campus sewer: BAK_17","wastewater metagenome","Illumina NovaSeq 6000","University of Colorado, Boulder","SRP395024","A metagenomic investigation of spatial and temporal changes in sewage microbiomes across a university campus","SRS14939489","","273.85","1","2854362","862017324","BAK_17","WGS","METAGENOMIC","RANDOM"
"SRX17380310","shotgun metagenomic sequencing of university campus sewer: CHE_17","wastewater metagenome","Illumina NovaSeq 6000","University of Colorado, Boulder","SRP395024","A metagenomic investigation of spatial and temporal changes in sewage microbiomes across a university campus","SRS14939488","","375.57","1","3990643","1205174186","CHE_17","WGS","METAGENOMIC","RANDOM"
"SRX17380309","shotgun metagenomic sequencing of university campus sewer: CHE_15","wastewater metagenome","Illumina NovaSeq 6000","University of Colorado, Boulder","SRP395024","A metagenomic investigation of spatial and temporal changes in sewage microbiomes across a university campus","SRS14939487","","354.92","1","3777950","1140940900","CHE_15","WGS","METAGENOMIC","RANDOM"
"SRX17380308","shotgun metagenomic sequencing of university campus sewer: CHE_13","wastewater metagenome","Illumina NovaSeq 6000","University of Colorado, Boulder","SRP395024","A metagenomic investigation of spatial and temporal changes in sewage microbiomes across a university campus","SRS14939486","","368.34","1","3931455","1187299410","CHE_13","WGS","METAGENOMIC","RANDOM"
"SRX17380307","shotgun metagenomic sequencing of university campus sewer: CHE_12","wastewater metagenome","Illumina NovaSeq 6000","University of Colorado, Boulder","SRP395024","A metagenomic investigation of spatial and temporal changes in sewage microbiomes across a university campus","SRS14939485","","629.65","1","6101481","1842647262","CHE_12","WGS","METAGENOMIC","RANDOM"
"SRX17380306","shotgun metagenomic sequencing of university campus sewer: CHE_10","wastewater metagenome","Illumina NovaSeq 6000","University of Colorado, Boulder","SRP395024","A metagenomic investigation of spatial and temporal changes in sewage microbiomes across a university campus","SRS14939484","","700.65","1","7556878","2282177156","CHE_10","WGS","METAGENOMIC","RANDOM"
"SRX17380305","shotgun metagenomic sequencing of university campus sewer: BRA_8","wastewater metagenome","Illumina NovaSeq 6000","University of Colorado, Boulder","SRP395024","A metagenomic investigation of spatial and temporal changes in sewage microbiomes across a university campus","SRS14939483","","522.2","1","5636863","1702332626","BRA_8","WGS","METAGENOMIC","RANDOM"
"SRX17380304","shotgun metagenomic sequencing of university campus sewer: BRA_6","wastewater metagenome","Illumina NovaSeq 6000","University of Colorado, Boulder","SRP395024","A metagenomic investigation of spatial and temporal changes in sewage microbiomes across a university campus","SRS14939482","","613.6","1","6527434","1971285068","BRA_6","WGS","METAGENOMIC","RANDOM"
"SRX17380303","shotgun metagenomic sequencing of university campus sewer: BRA_5","wastewater metagenome","Illumina NovaSeq 6000","University of Colorado, Boulder","SRP395024","A metagenomic investigation of spatial and temporal changes in sewage microbiomes across a university campus","SRS14939481","","609.76","1","6328706","1911269212","BRA_5","WGS","METAGENOMIC","RANDOM"
"SRX17380302","shotgun metagenomic sequencing of university campus sewer: BRA_3","wastewater metagenome","Illumina NovaSeq 6000","University of Colorado, Boulder","SRP395024","A metagenomic investigation of spatial and temporal changes in sewage microbiomes across a university campus","SRS14939480","","604.95","1","6547245","1977267990","BRA_3","WGS","METAGENOMIC","RANDOM"
"SRX17380301","shotgun metagenomic sequencing of university campus sewer: BRA_20","wastewater metagenome","Illumina NovaSeq 6000","University of Colorado, Boulder","SRP395024","A metagenomic investigation of spatial and temporal changes in sewage microbiomes across a university campus","SRS14939479","","615.91","1","6615352","1997836304","BRA_20","WGS","METAGENOMIC","RANDOM"
"SRX17380300","shotgun metagenomic sequencing of university campus sewer: BAK_15","wastewater metagenome","Illumina NovaSeq 6000","University of Colorado, Boulder","SRP395024","A metagenomic investigation of spatial and temporal changes in sewage microbiomes across a university campus","SRS14939478","","342.49","1","3753838","1133659076","BAK_15","WGS","METAGENOMIC","RANDOM"
"SRX17380299","shotgun metagenomic sequencing of university campus sewer: BRA_1","wastewater metagenome","Illumina NovaSeq 6000","University of Colorado, Boulder","SRP395024","A metagenomic investigation of spatial and temporal changes in sewage microbiomes across a university campus","SRS14939477","","646.9","1","6948507","2098449114","BRA_1","WGS","METAGENOMIC","RANDOM"
"SRX17380298","shotgun metagenomic sequencing of university campus sewer: BRA_19","wastewater metagenome","Illumina NovaSeq 6000","University of Colorado, Boulder","SRP395024","A metagenomic investigation of spatial and temporal changes in sewage microbiomes across a university campus","SRS14939476","","365.86","1","3700711","1117614722","BRA_19","WGS","METAGENOMIC","RANDOM"
"SRX17380297","shotgun metagenomic sequencing of university campus sewer: BRA_17","wastewater metagenome","Illumina NovaSeq 6000","University of Colorado, Boulder","SRP395024","A metagenomic investigation of spatial and temporal changes in sewage microbiomes across a university campus","SRS14939475","","388.33","1","4005750","1209736500","BRA_17","WGS","METAGENOMIC","RANDOM"
"SRX17380296","shotgun metagenomic sequencing of university campus sewer: BRA_15","wastewater metagenome","Illumina NovaSeq 6000","University of Colorado, Boulder","SRP395024","A metagenomic investigation of spatial and temporal changes in sewage microbiomes across a university campus","SRS14939474","","259.35","1","2846662","859691924","BRA_15","WGS","METAGENOMIC","RANDOM"
"SRX17380295","shotgun metagenomic sequencing of university campus sewer: BRA_13","wastewater metagenome","Illumina NovaSeq 6000","University of Colorado, Boulder","SRP395024","A metagenomic investigation of spatial and temporal changes in sewage microbiomes across a university campus","SRS14939473","","505.24","1","5363499","1619776698","BRA_13","WGS","METAGENOMIC","RANDOM"
"SRX17380294","shotgun metagenomic sequencing of university campus sewer: BRA_12","wastewater metagenome","Illumina NovaSeq 6000","University of Colorado, Boulder","SRP395024","A metagenomic investigation of spatial and temporal changes in sewage microbiomes across a university campus","SRS14939472","","340.89","1","3689657","1114276414","BRA_12","WGS","METAGENOMIC","RANDOM"
"SRX17380293","shotgun metagenomic sequencing of university campus sewer: BRA_10","wastewater metagenome","Illumina NovaSeq 6000","University of Colorado, Boulder","SRP395024","A metagenomic investigation of spatial and temporal changes in sewage microbiomes across a university campus","SRS14939471","","676.65","1","7346454","2218629108","BRA_10","WGS","METAGENOMIC","RANDOM"
"SRX17380292","shotgun metagenomic sequencing of university campus sewer: BAS_8","wastewater metagenome","Illumina NovaSeq 6000","University of Colorado, Boulder","SRP395024","A metagenomic investigation of spatial and temporal changes in sewage microbiomes across a university campus","SRS14939470","","583.12","1","6243176","1885439152","BAS_8","WGS","METAGENOMIC","RANDOM"
"SRX17380291","shotgun metagenomic sequencing of university campus sewer: BAS_6","wastewater metagenome","Illumina NovaSeq 6000","University of Colorado, Boulder","SRP395024","A metagenomic investigation of spatial and temporal changes in sewage microbiomes across a university campus","SRS14939468","","385.85","1","4272534","1290305268","BAS_6","WGS","METAGENOMIC","RANDOM"
"SRX17380290","shotgun metagenomic sequencing of university campus sewer: BAS_5","wastewater metagenome","Illumina NovaSeq 6000","University of Colorado, Boulder","SRP395024","A metagenomic investigation of spatial and temporal changes in sewage microbiomes across a university campus","SRS14939469","","482.15","1","5165052","1559845704","BAS_5","WGS","METAGENOMIC","RANDOM"
"SRX17380289","shotgun metagenomic sequencing of university campus sewer: BAK_13","wastewater metagenome","Illumina NovaSeq 6000","University of Colorado, Boulder","SRP395024","A metagenomic investigation of spatial and temporal changes in sewage microbiomes across a university campus","SRS14939467","","578.73","1","6362062","1921342724","BAK_13","WGS","METAGENOMIC","RANDOM"
"SRX17380288","shotgun metagenomic sequencing of university campus sewer: BAS_3","wastewater metagenome","Illumina NovaSeq 6000","University of Colorado, Boulder","SRP395024","A metagenomic investigation of spatial and temporal changes in sewage microbiomes across a university campus","SRS14939465","","672.47","1","6930982","2093156564","BAS_3","WGS","METAGENOMIC","RANDOM"
"SRX17380287","shotgun metagenomic sequencing of university campus sewer: WEB_10","wastewater metagenome","Illumina NovaSeq 6000","University of Colorado, Boulder","SRP395024","A metagenomic investigation of spatial and temporal changes in sewage microbiomes across a university campus","SRS14939466","","419.98","1","4404836","1330260472","WEB_10","WGS","METAGENOMIC","RANDOM"
"SRX17380286","shotgun metagenomic sequencing of university campus sewer: STE_8","wastewater metagenome","Illumina NovaSeq 6000","University of Colorado, Boulder","SRP395024","A metagenomic investigation of spatial and temporal changes in sewage microbiomes across a university campus","SRS14939464","","466.72","1","5007438","1512246276","STE_8","WGS","METAGENOMIC","RANDOM"
"SRX17380285","shotgun metagenomic sequencing of university campus sewer: STE_6","wastewater metagenome","Illumina NovaSeq 6000","University of Colorado, Boulder","SRP395024","A metagenomic investigation of spatial and temporal changes in sewage microbiomes across a university campus","SRS14939463","","553.71","1","5946239","1795764178","STE_6","WGS","METAGENOMIC","RANDOM"
"SRX17380284","shotgun metagenomic sequencing of university campus sewer: STE_5","wastewater metagenome","Illumina NovaSeq 6000","University of Colorado, Boulder","SRP395024","A metagenomic investigation of spatial and temporal changes in sewage microbiomes across a university campus","SRS14939462","","549.83","1","5727229","1729623158","STE_5","WGS","METAGENOMIC","RANDOM"
"SRX17380283","shotgun metagenomic sequencing of university campus sewer: STE_3","wastewater metagenome","Illumina NovaSeq 6000","University of Colorado, Boulder","SRP395024","A metagenomic investigation of spatial and temporal changes in sewage microbiomes across a university campus","SRS14939461","","516.83","1","5591340","1688584680","STE_3","WGS","METAGENOMIC","RANDOM"
"SRX17380282","shotgun metagenomic sequencing of university campus sewer: STE_20","wastewater metagenome","Illumina NovaSeq 6000","University of Colorado, Boulder","SRP395024","A metagenomic investigation of spatial and temporal changes in sewage microbiomes across a university campus","SRS14939460","","264.46","1","2853113","861640126","STE_20","WGS","METAGENOMIC","RANDOM"
"SRX17380281","shotgun metagenomic sequencing of university campus sewer: BAS_19","wastewater metagenome","Illumina NovaSeq 6000","University of Colorado, Boulder","SRP395024","A metagenomic investigation of spatial and temporal changes in sewage microbiomes across a university campus","SRS14939459","","305.31","1","2966652","895928904","BAS_19","WGS","METAGENOMIC","RANDOM"
"SRX17380280","shotgun metagenomic sequencing of university campus sewer: STE_1","wastewater metagenome","Illumina NovaSeq 6000","University of Colorado, Boulder","SRP395024","A metagenomic investigation of spatial and temporal changes in sewage microbiomes across a university campus","SRS14939458","","301.59","1","3237022","977580644","STE_1","WGS","METAGENOMIC","RANDOM"
"SRX17380279","shotgun metagenomic sequencing of university campus sewer: STE_19","wastewater metagenome","Illumina NovaSeq 6000","University of Colorado, Boulder","SRP395024","A metagenomic investigation of spatial and temporal changes in sewage microbiomes across a university campus","SRS14939457","","313.34","1","3256759","983541218","STE_19","WGS","METAGENOMIC","RANDOM"
"SRX17380278","shotgun metagenomic sequencing of university campus sewer: STE_17","wastewater metagenome","Illumina NovaSeq 6000","University of Colorado, Boulder","SRP395024","A metagenomic investigation of spatial and temporal changes in sewage microbiomes across a university campus","SRS14939456","","383.56","1","3962010","1196527020","STE_17","WGS","METAGENOMIC","RANDOM"
"SRX17380277","shotgun metagenomic sequencing of university campus sewer: STE_15","wastewater metagenome","Illumina NovaSeq 6000","University of Colorado, Boulder","SRP395024","A metagenomic investigation of spatial and temporal changes in sewage microbiomes across a university campus","SRS14939455","","173.93","1","1853631","559796562","STE_15","WGS","METAGENOMIC","RANDOM"
"SRX17380276","shotgun metagenomic sequencing of university campus sewer: STE_13","wastewater metagenome","Illumina NovaSeq 6000","University of Colorado, Boulder","SRP395024","A metagenomic investigation of spatial and temporal changes in sewage microbiomes across a university campus","SRS14939454","","255.19","1","2607643","787508186","STE_13","WGS","METAGENOMIC","RANDOM"
"SRX17380275","shotgun metagenomic sequencing of university campus sewer: STE_12","wastewater metagenome","Illumina NovaSeq 6000","University of Colorado, Boulder","SRP395024","A metagenomic investigation of spatial and temporal changes in sewage microbiomes across a university campus","SRS14939453","","438.82","1","4679078","1413081556","STE_12","WGS","METAGENOMIC","RANDOM"
"SRX17380274","shotgun metagenomic sequencing of university campus sewer: STE_10","wastewater metagenome","Illumina NovaSeq 6000","University of Colorado, Boulder","SRP395024","A metagenomic investigation of spatial and temporal changes in sewage microbiomes across a university campus","SRS14939452","","532.69","1","5720907","1727713914","STE_10","WGS","METAGENOMIC","RANDOM"
"SRX17380273","shotgun metagenomic sequencing of university campus sewer: SEW_8","wastewater metagenome","Illumina NovaSeq 6000","University of Colorado, Boulder","SRP395024","A metagenomic investigation of spatial and temporal changes in sewage microbiomes across a university campus","SRS14939451","","535.27","1","5858975","1769410450","SEW_8","WGS","METAGENOMIC","RANDOM"
"SRX17380272","shotgun metagenomic sequencing of university campus sewer: SEW_6","wastewater metagenome","Illumina NovaSeq 6000","University of Colorado, Boulder","SRP395024","A metagenomic investigation of spatial and temporal changes in sewage microbiomes across a university campus","SRS14939450","","626.71","1","6564923","1982606746","SEW_6","WGS","METAGENOMIC","RANDOM"
"SRX17380271","shotgun metagenomic sequencing of university campus sewer: SEW_5","wastewater metagenome","Illumina NovaSeq 6000","University of Colorado, Boulder","SRP395024","A metagenomic investigation of spatial and temporal changes in sewage microbiomes across a university campus","SRS14939449","","615.5","1","6777934","2046936068","SEW_5","WGS","METAGENOMIC","RANDOM"
"SRX17380270","shotgun metagenomic sequencing of university campus sewer: BAS_17","wastewater metagenome","Illumina NovaSeq 6000","University of Colorado, Boulder","SRP395024","A metagenomic investigation of spatial and temporal changes in sewage microbiomes across a university campus","SRS14939448","","514.38","1","5166363","1560241626","BAS_17","WGS","METAGENOMIC","RANDOM"
"SRX17380269","shotgun metagenomic sequencing of university campus sewer: SEW_20","wastewater metagenome","Illumina NovaSeq 6000","University of Colorado, Boulder","SRP395024","A metagenomic investigation of spatial and temporal changes in sewage microbiomes across a university campus","SRS14939447","","317.77","1","3382274","1021446748","SEW_20","WGS","METAGENOMIC","RANDOM"
"SRX17380268","shotgun metagenomic sequencing of university campus sewer: SEW_19","wastewater metagenome","Illumina NovaSeq 6000","University of Colorado, Boulder","SRP395024","A metagenomic investigation of spatial and temporal changes in sewage microbiomes across a university campus","SRS14939446","","274.38","1","2818476","851179752","SEW_19","WGS","METAGENOMIC","RANDOM"
"SRX17380267","shotgun metagenomic sequencing of university campus sewer: SEW_17","wastewater metagenome","Illumina NovaSeq 6000","University of Colorado, Boulder","SRP395024","A metagenomic investigation of spatial and temporal changes in sewage microbiomes across a university campus","SRS14939445","","349.81","1","3705802","1119152204","SEW_17","WGS","METAGENOMIC","RANDOM"
"SRX17380266","shotgun metagenomic sequencing of university campus sewer: SEW_15","wastewater metagenome","Illumina NovaSeq 6000","University of Colorado, Boulder","SRP395024","A metagenomic investigation of spatial and temporal changes in sewage microbiomes across a university campus","SRS14939444","","556.62","1","5532540","1670827080","SEW_15","WGS","METAGENOMIC","RANDOM"
"SRX17380265","shotgun metagenomic sequencing of university campus sewer: SEW_13","wastewater metagenome","Illumina NovaSeq 6000","University of Colorado, Boulder","SRP395024","A metagenomic investigation of spatial and temporal changes in sewage microbiomes across a university campus","SRS14939443","","424.06","1","4588439","1385708578","SEW_13","WGS","METAGENOMIC","RANDOM"
"SRX17380264","shotgun metagenomic sequencing of university campus sewer: SEW_12","wastewater metagenome","Illumina NovaSeq 6000","University of Colorado, Boulder","SRP395024","A metagenomic investigation of spatial and temporal changes in sewage microbiomes across a university campus","SRS14939441","","691.66","1","7230116","2183495032","SEW_12","WGS","METAGENOMIC","RANDOM"
"SRX17380263","shotgun metagenomic sequencing of university campus sewer: FAR_12","wastewater metagenome","Illumina NovaSeq 6000","University of Colorado, Boulder","SRP395024","A metagenomic investigation of spatial and temporal changes in sewage microbiomes across a university campus","SRS14939442","","500.44","1","5438592","1642454784","FAR_12","WGS","METAGENOMIC","RANDOM"
"SRX17380262","shotgun metagenomic sequencing of university campus sewer: FAR_10","wastewater metagenome","Illumina NovaSeq 6000","University of Colorado, Boulder","SRP395024","A metagenomic investigation of spatial and temporal changes in sewage microbiomes across a university campus","SRS14939440","","516.2","1","5665458","1710968316","FAR_10","WGS","METAGENOMIC","RANDOM"
"SRX17380261","shotgun metagenomic sequencing of university campus sewer: DAR_8","wastewater metagenome","Illumina NovaSeq 6000","University of Colorado, Boulder","SRP395024","A metagenomic investigation of spatial and temporal changes in sewage microbiomes across a university campus","SRS14939439","","575.51","1","6215541","1877093382","DAR_8","WGS","METAGENOMIC","RANDOM"
"SRX17380260","shotgun metagenomic sequencing of university campus sewer: DAR_6","wastewater metagenome","Illumina NovaSeq 6000","University of Colorado, Boulder","SRP395024","A metagenomic investigation of spatial and temporal changes in sewage microbiomes across a university campus","SRS14939438","","555.51","1","5956655","1798909810","DAR_6","WGS","METAGENOMIC","RANDOM"
"SRX17380259","shotgun metagenomic sequencing of university campus sewer: BAK_3","wastewater metagenome","Illumina NovaSeq 6000","University of Colorado, Boulder","SRP395024","A metagenomic investigation of spatial and temporal changes in sewage microbiomes across a university campus","SRS14939437","","653.68","1","7137180","2155428360","BAK_3","WGS","METAGENOMIC","RANDOM"
"SRX17380258","shotgun metagenomic sequencing of university campus sewer: DAR_5","wastewater metagenome","Illumina NovaSeq 6000","University of Colorado, Boulder","SRP395024","A metagenomic investigation of spatial and temporal changes in sewage microbiomes across a university campus","SRS14939436","","428.07","1","4580199","1383220098","DAR_5","WGS","METAGENOMIC","RANDOM"
"SRX17380257","shotgun metagenomic sequencing of university campus sewer: DAR_3","wastewater metagenome","Illumina NovaSeq 6000","University of Colorado, Boulder","SRP395024","A metagenomic investigation of spatial and temporal changes in sewage microbiomes across a university campus","SRS14939435","","498.54","1","5390114","1627814428","DAR_3","WGS","METAGENOMIC","RANDOM"
"SRX17380256","shotgun metagenomic sequencing of university campus sewer: DAR_20","wastewater metagenome","Illumina NovaSeq 6000","University of Colorado, Boulder","SRP395024","A metagenomic investigation of spatial and temporal changes in sewage microbiomes across a university campus","SRS14939434","","881.54","1","9691794","2926921788","DAR_20","WGS","METAGENOMIC","RANDOM"
"SRX17380255","shotgun metagenomic sequencing of university campus sewer: DAR_1","wastewater metagenome","Illumina NovaSeq 6000","University of Colorado, Boulder","SRP395024","A metagenomic investigation of spatial and temporal changes in sewage microbiomes across a university campus","SRS14939433","","524.99","1","5750510","1736654020","DAR_1","WGS","METAGENOMIC","RANDOM"
"SRX17380254","shotgun metagenomic sequencing of university campus sewer: DAR_19","wastewater metagenome","Illumina NovaSeq 6000","University of Colorado, Boulder","SRP395024","A metagenomic investigation of spatial and temporal changes in sewage microbiomes across a university campus","SRS14939432","","182.37","1","1933858","584025116","DAR_19","WGS","METAGENOMIC","RANDOM"
"SRX17380253","shotgun metagenomic sequencing of university campus sewer: DAR_17","wastewater metagenome","Illumina NovaSeq 6000","University of Colorado, Boulder","SRP395024","A metagenomic investigation of spatial and temporal changes in sewage microbiomes across a university campus","SRS14939431","","452.08","1","4632338","1398966076","DAR_17","WGS","METAGENOMIC","RANDOM"
"SRX17380252","shotgun metagenomic sequencing of university campus sewer: DAR_15","wastewater metagenome","Illumina NovaSeq 6000","University of Colorado, Boulder","SRP395024","A metagenomic investigation of spatial and temporal changes in sewage microbiomes across a university campus","SRS14939430","","184.48","1","1975571","596622442","DAR_15","WGS","METAGENOMIC","RANDOM"
"SRX17380251","shotgun metagenomic sequencing of university campus sewer: DAR_13","wastewater metagenome","Illumina NovaSeq 6000","University of Colorado, Boulder","SRP395024","A metagenomic investigation of spatial and temporal changes in sewage microbiomes across a university campus","SRS14939428","","527.26","1","5559585","1678994670","DAR_13","WGS","METAGENOMIC","RANDOM"
"SRX17380250","shotgun metagenomic sequencing of university campus sewer: DAR_12","wastewater metagenome","Illumina NovaSeq 6000","University of Colorado, Boulder","SRP395024","A metagenomic investigation of spatial and temporal changes in sewage microbiomes across a university campus","SRS14939429","","834.35","1","9158137","2765757374","DAR_12","WGS","METAGENOMIC","RANDOM"
"SRX17380249","shotgun metagenomic sequencing of university campus sewer: DAR_10","wastewater metagenome","Illumina NovaSeq 6000","University of Colorado, Boulder","SRP395024","A metagenomic investigation of spatial and temporal changes in sewage microbiomes across a university campus","SRS14939427","","424.95","1","4492476","1356727752","DAR_10","WGS","METAGENOMIC","RANDOM"
"SRX17380248","shotgun metagenomic sequencing of university campus sewer: BAK_20","wastewater metagenome","Illumina NovaSeq 6000","University of Colorado, Boulder","SRP395024","A metagenomic investigation of spatial and temporal changes in sewage microbiomes across a university campus","SRS14939426","","535.46","1","5787733","1747895366","BAK_20","WGS","METAGENOMIC","RANDOM"
"SRX17380247","shotgun metagenomic sequencing of university campus sewer: CRR_8","wastewater metagenome","Illumina NovaSeq 6000","University of Colorado, Boulder","SRP395024","A metagenomic investigation of spatial and temporal changes in sewage microbiomes across a university campus","SRS14939425","","1123.04","1","12058020","3641522040","CRR_8","WGS","METAGENOMIC","RANDOM"
"SRX17380246","shotgun metagenomic sequencing of university campus sewer: CRR_6","wastewater metagenome","Illumina NovaSeq 6000","University of Colorado, Boulder","SRP395024","A metagenomic investigation of spatial and temporal changes in sewage microbiomes across a university campus","SRS14939424","","831.3","1","8830740","2666883480","CRR_6","WGS","METAGENOMIC","RANDOM"
"SRX17380245","shotgun metagenomic sequencing of university campus sewer: CRR_5","wastewater metagenome","Illumina NovaSeq 6000","University of Colorado, Boulder","SRP395024","A metagenomic investigation of spatial and temporal changes in sewage microbiomes across a university campus","SRS14939423","","544.58","1","5623146","1698190092","CRR_5","WGS","METAGENOMIC","RANDOM"
"SRX17380244","shotgun metagenomic sequencing of university campus sewer: CRR_20","wastewater metagenome","Illumina NovaSeq 6000","University of Colorado, Boulder","SRP395024","A metagenomic investigation of spatial and temporal changes in sewage microbiomes across a university campus","SRS14939422","","587.77","1","6195382","1871005364","CRR_20","WGS","METAGENOMIC","RANDOM"
"SRX17380243","shotgun metagenomic sequencing of university campus sewer: CRR_1","wastewater metagenome","Illumina NovaSeq 6000","University of Colorado, Boulder","SRP395024","A metagenomic investigation of spatial and temporal changes in sewage microbiomes across a university campus","SRS14939420","","838.85","1","8985126","2713508052","CRR_1","WGS","METAGENOMIC","RANDOM"
"SRX17380242","shotgun metagenomic sequencing of university campus sewer: CRR_19","wastewater metagenome","Illumina NovaSeq 6000","University of Colorado, Boulder","SRP395024","A metagenomic investigation of spatial and temporal changes in sewage microbiomes across a university campus","SRS14939421","","475.44","1","5076438","1533084276","CRR_19","WGS","METAGENOMIC","RANDOM"
"SRX17380241","shotgun metagenomic sequencing of university campus sewer: CRR_17","wastewater metagenome","Illumina NovaSeq 6000","University of Colorado, Boulder","SRP395024","A metagenomic investigation of spatial and temporal changes in sewage microbiomes across a university campus","SRS14939418","","197.41","1","2127428","642483256","CRR_17","WGS","METAGENOMIC","RANDOM"
"SRX17380240","shotgun metagenomic sequencing of university campus sewer: CRR_15","wastewater metagenome","Illumina NovaSeq 6000","University of Colorado, Boulder","SRP395024","A metagenomic investigation of spatial and temporal changes in sewage microbiomes across a university campus","SRS14939419","","672.13","1","7210112","2177453824","CRR_15","WGS","METAGENOMIC","RANDOM"
"SRX17380239","shotgun metagenomic sequencing of university campus sewer: CRR_13","wastewater metagenome","Illumina NovaSeq 6000","University of Colorado, Boulder","SRP395024","A metagenomic investigation of spatial and temporal changes in sewage microbiomes across a university campus","SRS14939417","","247.94","1","2500468","755141336","CRR_13","WGS","METAGENOMIC","RANDOM"
"SRX17380238","shotgun metagenomic sequencing of university campus sewer: CRR_12","wastewater metagenome","Illumina NovaSeq 6000","University of Colorado, Boulder","SRP395024","A metagenomic investigation of spatial and temporal changes in sewage microbiomes across a university campus","SRS14939416","","519.61","1","5640925","1703559350","CRR_12","WGS","METAGENOMIC","RANDOM"
"SRX17380237","shotgun metagenomic sequencing of university campus sewer: BAK_1","wastewater metagenome","Illumina NovaSeq 6000","University of Colorado, Boulder","SRP395024","A metagenomic investigation of spatial and temporal changes in sewage microbiomes across a university campus","SRS14939415","","574.79","1","6031121","1821398542","BAK_1","WGS","METAGENOMIC","RANDOM"
"SRX17380236","shotgun metagenomic sequencing of university campus sewer: CRR_10","wastewater metagenome","Illumina NovaSeq 6000","University of Colorado, Boulder","SRP395024","A metagenomic investigation of spatial and temporal changes in sewage microbiomes across a university campus","SRS14939414","","484.06","1","5259403","1588339706","CRR_10","WGS","METAGENOMIC","RANDOM"
"SRX17380235","shotgun metagenomic sequencing of university campus sewer: COC_8","wastewater metagenome","Illumina NovaSeq 6000","University of Colorado, Boulder","SRP395024","A metagenomic investigation of spatial and temporal changes in sewage microbiomes across a university campus","SRS14939413","","684.46","1","7487762","2261304124","COC_8","WGS","METAGENOMIC","RANDOM"
"SRX17380234","shotgun metagenomic sequencing of university campus sewer: COC_6","wastewater metagenome","Illumina NovaSeq 6000","University of Colorado, Boulder","SRP395024","A metagenomic investigation of spatial and temporal changes in sewage microbiomes across a university campus","SRS14939412","","656.28","1","7206636","2176404072","COC_6","WGS","METAGENOMIC","RANDOM"
"SRX17380233","shotgun metagenomic sequencing of university campus sewer: COC_5","wastewater metagenome","Illumina NovaSeq 6000","University of Colorado, Boulder","SRP395024","A metagenomic investigation of spatial and temporal changes in sewage microbiomes across a university campus","SRS14939411","","716.79","1","7888242","2382249084","COC_5","WGS","METAGENOMIC","RANDOM"
"SRX17380232","shotgun metagenomic sequencing of university campus sewer: COC_3","wastewater metagenome","Illumina NovaSeq 6000","University of Colorado, Boulder","SRP395024","A metagenomic investigation of spatial and temporal changes in sewage microbiomes across a university campus","SRS14939410","","451","1","4708695","1422025890","COC_3","WGS","METAGENOMIC","RANDOM"
"SRX17380231","shotgun metagenomic sequencing of university campus sewer: COC_20","wastewater metagenome","Illumina NovaSeq 6000","University of Colorado, Boulder","SRP395024","A metagenomic investigation of spatial and temporal changes in sewage microbiomes across a university campus","SRS14939409","","636.54","1","7040158","2126127716","COC_20","WGS","METAGENOMIC","RANDOM"
"SRX17380230","shotgun metagenomic sequencing of university campus sewer: COC_1","wastewater metagenome","Illumina NovaSeq 6000","University of Colorado, Boulder","SRP395024","A metagenomic investigation of spatial and temporal changes in sewage microbiomes across a university campus","SRS14939408","","521.37","1","5717824","1726782848","COC_1","WGS","METAGENOMIC","RANDOM"
"SRX17380229","shotgun metagenomic sequencing of university campus sewer: COC_19","wastewater metagenome","Illumina NovaSeq 6000","University of Colorado, Boulder","SRP395024","A metagenomic investigation of spatial and temporal changes in sewage microbiomes across a university campus","SRS14939407","","346.68","1","3667747","1107659594","COC_19","WGS","METAGENOMIC","RANDOM"
"SRX17380228","shotgun metagenomic sequencing of university campus sewer: COC_17","wastewater metagenome","Illumina NovaSeq 6000","University of Colorado, Boulder","SRP395024","A metagenomic investigation of spatial and temporal changes in sewage microbiomes across a university campus","SRS14939406","","499.34","1","5457100","1648044200","COC_17","WGS","METAGENOMIC","RANDOM"
"SRX17380227","shotgun metagenomic sequencing of university campus sewer: COC_15","wastewater metagenome","Illumina NovaSeq 6000","University of Colorado, Boulder","SRP395024","A metagenomic investigation of spatial and temporal changes in sewage microbiomes across a university campus","SRS14939405","","439.98","1","4844702","1463100004","COC_15","WGS","METAGENOMIC","RANDOM"
"SRX17380226","shotgun metagenomic sequencing of university campus sewer: BAK_19","wastewater metagenome","Illumina NovaSeq 6000","University of Colorado, Boulder","SRP395024","A metagenomic investigation of spatial and temporal changes in sewage microbiomes across a university campus","SRS14939404","","196.97","1","2003833","605157566","BAK_19","WGS","METAGENOMIC","RANDOM"
"SRX17380225","shotgun metagenomic sequencing of university campus sewer: COC_13","wastewater metagenome","Illumina NovaSeq 6000","University of Colorado, Boulder","SRP395024","A metagenomic investigation of spatial and temporal changes in sewage microbiomes across a university campus","SRS14939403","","398.28","1","4131438","1247694276","COC_13","WGS","METAGENOMIC","RANDOM"
"SRX17380224","shotgun metagenomic sequencing of university campus sewer: COC_12","wastewater metagenome","Illumina NovaSeq 6000","University of Colorado, Boulder","SRP395024","A metagenomic investigation of spatial and temporal changes in sewage microbiomes across a university campus","SRS14939402","","884.58","1","9549757","2884026614","COC_12","WGS","METAGENOMIC","RANDOM"
"SRX17380223","shotgun metagenomic sequencing of university campus sewer: COC_10","wastewater metagenome","Illumina NovaSeq 6000","University of Colorado, Boulder","SRP395024","A metagenomic investigation of spatial and temporal changes in sewage microbiomes across a university campus","SRS14939401","","735.17","1","8144897","2459758894","COC_10","WGS","METAGENOMIC","RANDOM"
"SRX17380222","shotgun metagenomic sequencing of university campus sewer: CHE_8","wastewater metagenome","Illumina NovaSeq 6000","University of Colorado, Boulder","SRP395024","A metagenomic investigation of spatial and temporal changes in sewage microbiomes across a university campus","SRS14939400","","711.7","1","7376494","2227701188","CHE_8","WGS","METAGENOMIC","RANDOM"
"SRX17380221","shotgun metagenomic sequencing of university campus sewer: CHE_6","wastewater metagenome","Illumina NovaSeq 6000","University of Colorado, Boulder","SRP395024","A metagenomic investigation of spatial and temporal changes in sewage microbiomes across a university campus","SRS14939399","","657.02","1","7267354","2194740908","CHE_6","WGS","METAGENOMIC","RANDOM"
"SRX17380220","shotgun metagenomic sequencing of university campus sewer: CHE_5","wastewater metagenome","Illumina NovaSeq 6000","University of Colorado, Boulder","SRP395024","A metagenomic investigation of spatial and temporal changes in sewage microbiomes across a university campus","SRS14939398","","658.06","1","7255427","2191138954","CHE_5","WGS","METAGENOMIC","RANDOM"
"SRX17380219","shotgun metagenomic sequencing of university campus sewer: CHE_3","wastewater metagenome","Illumina NovaSeq 6000","University of Colorado, Boulder","SRP395024","A metagenomic investigation of spatial and temporal changes in sewage microbiomes across a university campus","SRS14939397","","695.76","1","7388122","2231212844","CHE_3","WGS","METAGENOMIC","RANDOM"
"SRX17380218","shotgun metagenomic sequencing of university campus sewer: CHE_20","wastewater metagenome","Illumina NovaSeq 6000","University of Colorado, Boulder","SRP395024","A metagenomic investigation of spatial and temporal changes in sewage microbiomes across a university campus","SRS14939396","","538.13","1","5796224","1750459648","CHE_20","WGS","METAGENOMIC","RANDOM"
"SRX17380217","shotgun metagenomic sequencing of university campus sewer: CHE_1","wastewater metagenome","Illumina NovaSeq 6000","University of Colorado, Boulder","SRP395024","A metagenomic investigation of spatial and temporal changes in sewage microbiomes across a university campus","SRS14939395","","502.78","1","5505112","1662543824","CHE_1","WGS","METAGENOMIC","RANDOM"
"SRX17380216","shotgun metagenomic sequencing of university campus sewer: CHE_19","wastewater metagenome","Illumina NovaSeq 6000","University of Colorado, Boulder","SRP395024","A metagenomic investigation of spatial and temporal changes in sewage microbiomes across a university campus","SRS14939394","","220.03","1","2335683","705376266","CHE_19","WGS","METAGENOMIC","RANDOM"
"SRX17380215","shotgun metagenomic sequencing of university campus sewer: LAC_8","wastewater metagenome","Illumina NovaSeq 6000","University of Colorado, Boulder","SRP395024","A metagenomic investigation of spatial and temporal changes in sewage microbiomes across a university campus","SRS14939393","","468.58","1","4909890","1482786780","LAC_8","WGS","METAGENOMIC","RANDOM"
"SRX17380214","shotgun metagenomic sequencing of university campus sewer: LAC_6","wastewater metagenome","Illumina NovaSeq 6000","University of Colorado, Boulder","SRP395024","A metagenomic investigation of spatial and temporal changes in sewage microbiomes across a university campus","SRS14939392","","664.97","1","7274228","2196816856","LAC_6","WGS","METAGENOMIC","RANDOM"
"SRX17380213","shotgun metagenomic sequencing of university campus sewer: BAS_12","wastewater metagenome","Illumina NovaSeq 6000","University of Colorado, Boulder","SRP395024","A metagenomic investigation of spatial and temporal changes in sewage microbiomes across a university campus","SRS14939391","","470.5","1","5070304","1531231808","BAS_12","WGS","METAGENOMIC","RANDOM"
"SRX17380212","shotgun metagenomic sequencing of university campus sewer: LAC_5","wastewater metagenome","Illumina NovaSeq 6000","University of Colorado, Boulder","SRP395024","A metagenomic investigation of spatial and temporal changes in sewage microbiomes across a university campus","SRS14939390","","509.18","1","5307620","1602901240","LAC_5","WGS","METAGENOMIC","RANDOM"
"SRX17380211","shotgun metagenomic sequencing of university campus sewer: LAC_3","wastewater metagenome","Illumina NovaSeq 6000","University of Colorado, Boulder","SRP395024","A metagenomic investigation of spatial and temporal changes in sewage microbiomes across a university campus","SRS14939389","","577.22","1","6208441","1874949182","LAC_3","WGS","METAGENOMIC","RANDOM"
"SRX17380210","shotgun metagenomic sequencing of university campus sewer: LAC_20","wastewater metagenome","Illumina NovaSeq 6000","University of Colorado, Boulder","SRP395024","A metagenomic investigation of spatial and temporal changes in sewage microbiomes across a university campus","SRS14939388","","448.32","1","4764518","1438884436","LAC_20","WGS","METAGENOMIC","RANDOM"
"SRX17380209","shotgun metagenomic sequencing of university campus sewer: LAC_1","wastewater metagenome","Illumina NovaSeq 6000","University of Colorado, Boulder","SRP395024","A metagenomic investigation of spatial and temporal changes in sewage microbiomes across a university campus","SRS14939387","","384.83","1","4124948","1245734296","LAC_1","WGS","METAGENOMIC","RANDOM"
"SRX17380208","shotgun metagenomic sequencing of university campus sewer: LAC_19","wastewater metagenome","Illumina NovaSeq 6000","University of Colorado, Boulder","SRP395024","A metagenomic investigation of spatial and temporal changes in sewage microbiomes across a university campus","SRS14939386","","615.83","1","6705083","2024935066","LAC_19","WGS","METAGENOMIC","RANDOM"
"SRX17380207","shotgun metagenomic sequencing of university campus sewer: LAC_17","wastewater metagenome","Illumina NovaSeq 6000","University of Colorado, Boulder","SRP395024","A metagenomic investigation of spatial and temporal changes in sewage microbiomes across a university campus","SRS14939385","","358.64","1","3695849","1116146398","LAC_17","WGS","METAGENOMIC","RANDOM"
"SRX17380206","shotgun metagenomic sequencing of university campus sewer: LAC_15","wastewater metagenome","Illumina NovaSeq 6000","University of Colorado, Boulder","SRP395024","A metagenomic investigation of spatial and temporal changes in sewage microbiomes across a university campus","SRS14939384","","239.51","1","2548874","769759948","LAC_15","WGS","METAGENOMIC","RANDOM"
"SRX17380205","shotgun metagenomic sequencing of university campus sewer: LAC_13","wastewater metagenome","Illumina NovaSeq 6000","University of Colorado, Boulder","SRP395024","A metagenomic investigation of spatial and temporal changes in sewage microbiomes across a university campus","SRS14939383","","428.76","1","4624655","1396645810","LAC_13","WGS","METAGENOMIC","RANDOM"
"SRX17380204","shotgun metagenomic sequencing of university campus sewer: LAC_12","wastewater metagenome","Illumina NovaSeq 6000","University of Colorado, Boulder","SRP395024","A metagenomic investigation of spatial and temporal changes in sewage microbiomes across a university campus","SRS14939382","","592.56","1","6340957","1914969014","LAC_12","WGS","METAGENOMIC","RANDOM"
"SRX17380203","shotgun metagenomic sequencing of university campus sewer: LAC_10","wastewater metagenome","Illumina NovaSeq 6000","University of Colorado, Boulder","SRP395024","A metagenomic investigation of spatial and temporal changes in sewage microbiomes across a university campus","SRS14939381","","493.74","1","5387017","1626879134","LAC_10","WGS","METAGENOMIC","RANDOM"
"SRX17380202","shotgun metagenomic sequencing of university campus sewer: BAS_10","wastewater metagenome","Illumina NovaSeq 6000","University of Colorado, Boulder","SRP395024","A metagenomic investigation of spatial and temporal changes in sewage microbiomes across a university campus","SRS14939380","","554.34","1","5898399","1781316498","BAS_10","WGS","METAGENOMIC","RANDOM"
"SRX17380201","shotgun metagenomic sequencing of university campus sewer: KWC_8","wastewater metagenome","Illumina NovaSeq 6000","University of Colorado, Boulder","SRP395024","A metagenomic investigation of spatial and temporal changes in sewage microbiomes across a university campus","SRS14939379","","479.36","1","5114135","1544468770","KWC_8","WGS","METAGENOMIC","RANDOM"
"SRX17380200","shotgun metagenomic sequencing of university campus sewer: KWC_6","wastewater metagenome","Illumina NovaSeq 6000","University of Colorado, Boulder","SRP395024","A metagenomic investigation of spatial and temporal changes in sewage microbiomes across a university campus","SRS14939378","","603.99","1","6288537","1899138174","KWC_6","WGS","METAGENOMIC","RANDOM"
"SRX17380199","shotgun metagenomic sequencing of university campus sewer: KWC_5","wastewater metagenome","Illumina NovaSeq 6000","University of Colorado, Boulder","SRP395024","A metagenomic investigation of spatial and temporal changes in sewage microbiomes across a university campus","SRS14939377","","617.92","1","6660425","2011448350","KWC_5","WGS","METAGENOMIC","RANDOM"
"SRX17380198","shotgun metagenomic sequencing of university campus sewer: KWC_20","wastewater metagenome","Illumina NovaSeq 6000","University of Colorado, Boulder","SRP395024","A metagenomic investigation of spatial and temporal changes in sewage microbiomes across a university campus","SRS14939376","","377.24","1","3875340","1170352680","KWC_20","WGS","METAGENOMIC","RANDOM"
"SRX17380197","shotgun metagenomic sequencing of university campus sewer: KWC_19","wastewater metagenome","Illumina NovaSeq 6000","University of Colorado, Boulder","SRP395024","A metagenomic investigation of spatial and temporal changes in sewage microbiomes across a university campus","SRS14939375","","257.95","1","2707674","817717548","KWC_19","WGS","METAGENOMIC","RANDOM"
"SRX17380196","shotgun metagenomic sequencing of university campus sewer: KWC_17","wastewater metagenome","Illumina NovaSeq 6000","University of Colorado, Boulder","SRP395024","A metagenomic investigation of spatial and temporal changes in sewage microbiomes across a university campus","SRS14939374","","596.31","1","6372485","1924490470","KWC_17","WGS","METAGENOMIC","RANDOM"
"SRX17380195","shotgun metagenomic sequencing of university campus sewer: KWC_15","wastewater metagenome","Illumina NovaSeq 6000","University of Colorado, Boulder","SRP395024","A metagenomic investigation of spatial and temporal changes in sewage microbiomes across a university campus","SRS14939373","","301.92","1","3235377","977083854","KWC_15","WGS","METAGENOMIC","RANDOM"
"SRX17380194","shotgun metagenomic sequencing of university campus sewer: KWC_13","wastewater metagenome","Illumina NovaSeq 6000","University of Colorado, Boulder","SRP395024","A metagenomic investigation of spatial and temporal changes in sewage microbiomes across a university campus","SRS14939372","","275.05","1","2941369","888293438","KWC_13","WGS","METAGENOMIC","RANDOM"
"SRX17380193","shotgun metagenomic sequencing of university campus sewer: KWC_12","wastewater metagenome","Illumina NovaSeq 6000","University of Colorado, Boulder","SRP395024","A metagenomic investigation of spatial and temporal changes in sewage microbiomes across a university campus","SRS14939371","","548.34","1","5679690","1715266380","KWC_12","WGS","METAGENOMIC","RANDOM"
"SRX17380192","shotgun metagenomic sequencing of university campus sewer: KWC_10","wastewater metagenome","Illumina NovaSeq 6000","University of Colorado, Boulder","SRP395024","A metagenomic investigation of spatial and temporal changes in sewage microbiomes across a university campus","SRS14939370","","514.54","1","5570607","1682323314","KWC_10","WGS","METAGENOMIC","RANDOM"
"SRX17380191","shotgun metagenomic sequencing of university campus sewer: SEW_10","wastewater metagenome","Illumina NovaSeq 6000","University of Colorado, Boulder","SRP395024","A metagenomic investigation of spatial and temporal changes in sewage microbiomes across a university campus","SRS14939369","","772.75","1","8486150","2562817300","SEW_10","WGS","METAGENOMIC","RANDOM"
"SRX17380190","shotgun metagenomic sequencing of university campus sewer: REG_8","wastewater metagenome","Illumina NovaSeq 6000","University of Colorado, Boulder","SRP395024","A metagenomic investigation of spatial and temporal changes in sewage microbiomes across a university campus","SRS14939368","","648.79","1","7020279","2120124258","REG_8","WGS","METAGENOMIC","RANDOM"
"SRX17380189","shotgun metagenomic sequencing of university campus sewer: REG_6","wastewater metagenome","Illumina NovaSeq 6000","University of Colorado, Boulder","SRP395024","A metagenomic investigation of spatial and temporal changes in sewage microbiomes across a university campus","SRS14939367","","544.27","1","5977284","1805139768","REG_6","WGS","METAGENOMIC","RANDOM"
"SRX17380188","shotgun metagenomic sequencing of university campus sewer: REG_5","wastewater metagenome","Illumina NovaSeq 6000","University of Colorado, Boulder","SRP395024","A metagenomic investigation of spatial and temporal changes in sewage microbiomes across a university campus","SRS14939365","","813.65","1","8677561","2620623422","REG_5","WGS","METAGENOMIC","RANDOM"
"SRX17380187","shotgun metagenomic sequencing of university campus sewer: BAS_15","wastewater metagenome","Illumina NovaSeq 6000","University of Colorado, Boulder","SRP395024","A metagenomic investigation of spatial and temporal changes in sewage microbiomes across a university campus","SRS14939366","","552.24","1","6041489","1824529678","BAS_15","WGS","METAGENOMIC","RANDOM"
"SRX17380186","shotgun metagenomic sequencing of university campus sewer: REG_20","wastewater metagenome","Illumina NovaSeq 6000","University of Colorado, Boulder","SRP395024","A metagenomic investigation of spatial and temporal changes in sewage microbiomes across a university campus","SRS14939364","","196.93","1","2134327","644566754","REG_20","WGS","METAGENOMIC","RANDOM"
"SRX17380185","shotgun metagenomic sequencing of university campus sewer: REG_19","wastewater metagenome","Illumina NovaSeq 6000","University of Colorado, Boulder","SRP395024","A metagenomic investigation of spatial and temporal changes in sewage microbiomes across a university campus","SRS14939363","","216.96","1","2359528","712577456","REG_19","WGS","METAGENOMIC","RANDOM"
"SRX17380184","shotgun metagenomic sequencing of university campus sewer: REG_17","wastewater metagenome","Illumina NovaSeq 6000","University of Colorado, Boulder","SRP395024","A metagenomic investigation of spatial and temporal changes in sewage microbiomes across a university campus","SRS14939362","","308.32","1","3290844","993834888","REG_17","WGS","METAGENOMIC","RANDOM"
"SRX17380183","shotgun metagenomic sequencing of university campus sewer: REG_15","wastewater metagenome","Illumina NovaSeq 6000","University of Colorado, Boulder","SRP395024","A metagenomic investigation of spatial and temporal changes in sewage microbiomes across a university campus","SRS14939361","","422.12","1","4354468","1315049336","REG_15","WGS","METAGENOMIC","RANDOM"
"SRX17380182","shotgun metagenomic sequencing of university campus sewer: REG_13","wastewater metagenome","Illumina NovaSeq 6000","University of Colorado, Boulder","SRP395024","A metagenomic investigation of spatial and temporal changes in sewage microbiomes across a university campus","SRS14939360","","237.46","1","2571571","776614442","REG_13","WGS","METAGENOMIC","RANDOM"
"SRX17380181","shotgun metagenomic sequencing of university campus sewer: REG_12","wastewater metagenome","Illumina NovaSeq 6000","University of Colorado, Boulder","SRP395024","A metagenomic investigation of spatial and temporal changes in sewage microbiomes across a university campus","SRS14939359","","552.56","1","5905571","1783482442","REG_12","WGS","METAGENOMIC","RANDOM"
"SRX17380180","shotgun metagenomic sequencing of university campus sewer: LIB_8","wastewater metagenome","Illumina NovaSeq 6000","University of Colorado, Boulder","SRP395024","A metagenomic investigation of spatial and temporal changes in sewage microbiomes across a university campus","SRS14939358","","791.39","1","8587722","2593492044","LIB_8","WGS","METAGENOMIC","RANDOM"
"SRX17380179","shotgun metagenomic sequencing of university campus sewer: LIB_6","wastewater metagenome","Illumina NovaSeq 6000","University of Colorado, Boulder","SRP395024","A metagenomic investigation of spatial and temporal changes in sewage microbiomes across a university campus","SRS14939357","","615.63","1","6559276","1980901352","LIB_6","WGS","METAGENOMIC","RANDOM"
"SRX17380178","shotgun metagenomic sequencing of university campus sewer: LIB_5","wastewater metagenome","Illumina NovaSeq 6000","University of Colorado, Boulder","SRP395024","A metagenomic investigation of spatial and temporal changes in sewage microbiomes across a university campus","SRS14939356","","721.04","1","7759599","2343398898","LIB_5","WGS","METAGENOMIC","RANDOM"
"SRX17380177","shotgun metagenomic sequencing of university campus sewer: LIB_3","wastewater metagenome","Illumina NovaSeq 6000","University of Colorado, Boulder","SRP395024","A metagenomic investigation of spatial and temporal changes in sewage microbiomes across a university campus","SRS14939355","","401.33","1","4003644","1209100488","LIB_3","WGS","METAGENOMIC","RANDOM"
"SRX17380176","shotgun metagenomic sequencing of university campus sewer: BAS_13","wastewater metagenome","Illumina NovaSeq 6000","University of Colorado, Boulder","SRP395024","A metagenomic investigation of spatial and temporal changes in sewage microbiomes across a university campus","SRS14939354","","386.39","1","4070620","1229327240","BAS_13","WGS","METAGENOMIC","RANDOM"
"SRX17380175","shotgun metagenomic sequencing of university campus sewer: LIB_20","wastewater metagenome","Illumina NovaSeq 6000","University of Colorado, Boulder","SRP395024","A metagenomic investigation of spatial and temporal changes in sewage microbiomes across a university campus","SRS14939353","","432.97","1","4456922","1345990444","LIB_20","WGS","METAGENOMIC","RANDOM"
"SRX17380174","shotgun metagenomic sequencing of university campus sewer: LIB_1","wastewater metagenome","Illumina NovaSeq 6000","University of Colorado, Boulder","SRP395024","A metagenomic investigation of spatial and temporal changes in sewage microbiomes across a university campus","SRS14939351","","182.59","1","1958105","591347710","LIB_1","WGS","METAGENOMIC","RANDOM"
"SRX17380173","shotgun metagenomic sequencing of university campus sewer: LIB_19","wastewater metagenome","Illumina NovaSeq 6000","University of Colorado, Boulder","SRP395024","A metagenomic investigation of spatial and temporal changes in sewage microbiomes across a university campus","SRS14939350","","524.15","1","5112349","1543929398","LIB_19","WGS","METAGENOMIC","RANDOM"
"SRX17380172","shotgun metagenomic sequencing of university campus sewer: LIB_17","wastewater metagenome","Illumina NovaSeq 6000","University of Colorado, Boulder","SRP395024","A metagenomic investigation of spatial and temporal changes in sewage microbiomes across a university campus","SRS14939349","","338.97","1","3588190","1083633380","LIB_17","WGS","METAGENOMIC","RANDOM"
"SRX17380171","shotgun metagenomic sequencing of university campus sewer: LIB_15","wastewater metagenome","Illumina NovaSeq 6000","University of Colorado, Boulder","SRP395024","A metagenomic investigation of spatial and temporal changes in sewage microbiomes across a university campus","SRS14939348","","318.4","1","3373146","1018690092","LIB_15","WGS","METAGENOMIC","RANDOM"
"SRX17380170","shotgun metagenomic sequencing of university campus sewer: LIB_13","wastewater metagenome","Illumina NovaSeq 6000","University of Colorado, Boulder","SRP395024","A metagenomic investigation of spatial and temporal changes in sewage microbiomes across a university campus","SRS14939352","","480.18","1","5169733","1561259366","LIB_13","WGS","METAGENOMIC","RANDOM"
"SRX17380169","shotgun metagenomic sequencing of university campus sewer: LIB_12","wastewater metagenome","Illumina NovaSeq 6000","University of Colorado, Boulder","SRP395024","A metagenomic investigation of spatial and temporal changes in sewage microbiomes across a university campus","SRS14939347","","535.62","1","5650834","1706551868","LIB_12","WGS","METAGENOMIC","RANDOM"
"SRX17380168","shotgun metagenomic sequencing of university campus sewer: LIB_10","wastewater metagenome","Illumina NovaSeq 6000","University of Colorado, Boulder","SRP395024","A metagenomic investigation of spatial and temporal changes in sewage microbiomes across a university campus","SRS14939345","","493.32","1","5350854","1615957908","LIB_10","WGS","METAGENOMIC","RANDOM"
"SRX17380167","shotgun metagenomic sequencing of university campus sewer: BAK_8","wastewater metagenome","Illumina NovaSeq 6000","University of Colorado, Boulder","SRP395024","A metagenomic investigation of spatial and temporal changes in sewage microbiomes across a university campus","SRS14939346","","553.87","1","6025876","1819814552","BAK_8","WGS","METAGENOMIC","RANDOM"
"SRX17380166","shotgun metagenomic sequencing of university campus sewer: BAK_12","wastewater metagenome","Illumina NovaSeq 6000","University of Colorado, Boulder","SRP395024","A metagenomic investigation of spatial and temporal changes in sewage microbiomes across a university campus","SRS14939343","","803.1","1","8904530","2689168060","BAK_12","WGS","METAGENOMIC","RANDOM"
"SRX17380165","shotgun metagenomic sequencing of university campus sewer: BAK_10","wastewater metagenome","Illumina NovaSeq 6000","University of Colorado, Boulder","SRP395024","A metagenomic investigation of spatial and temporal changes in sewage microbiomes across a university campus","SRS14939344","","397.82","1","4340749","1310906198","BAK_10","WGS","METAGENOMIC","RANDOM"
