Run,ReleaseDate,LoadDate,spots,bases,spots_with_mates,avgLength,size_MB,AssemblyName,download_path,Experiment,LibraryName,LibraryStrategy,LibrarySelection,LibrarySource,LibraryLayout,InsertSize,InsertDev,Platform,Model,SRAStudy,BioProject,Study_Pubmed_id,ProjectID,Sample,BioSample,SampleType,TaxID,ScientificName,SampleName,g1k_pop_code,source,g1k_analysis_group,Subject_ID,Sex,Disease,Tumor,Affection_Status,Analyte_Type,Histological_Type,Body_Site,CenterName,Submission,dbgap_study_accession,Consent,RunHash,ReadHash
SRR21374561,2022-09-02 07:51:04,2022-09-02 06:43:54,6031121,1821398542,6031121,302,574,,https://sra-downloadb.be-md.ncbi.nlm.nih.gov/sos4/sra-pub-run-30/SRR021/21374/SRR21374561/SRR21374561.1,SRX17380237,BAK_1,WGS,RANDOM,METAGENOMIC,PAIRED,0,0,ILLUMINA,Illumina NovaSeq 6000,SRP395024,PRJNA875025,,875025,SRS14939415,SAMN30613462,simple,527639,wastewater metagenome,BAK_1,,,,,,,no,,,,,"UNIVERSITY OF COLORADO, BOULDER",SRA1488268,,public,95B8B1E3386DA2239D5EC01CC56B60B9,58248FA720638C97E5DA202B0AA8E6FF
SRR21374633,2022-09-02 07:51:03,2022-09-02 07:06:42,4340749,1310906198,4340749,302,397,,https://sra-downloadb.be-md.ncbi.nlm.nih.gov/sos4/sra-pub-run-30/SRR021/21374/SRR21374633/SRR21374633.1,SRX17380165,BAK_10,WGS,RANDOM,METAGENOMIC,PAIRED,0,0,ILLUMINA,Illumina NovaSeq 6000,SRP395024,PRJNA875025,,875025,SRS14939344,SAMN30613463,simple,527639,wastewater metagenome,BAK_10,,,,,,,no,,,,,"UNIVERSITY OF COLORADO, BOULDER",SRA1488268,,public,9DA937F9307A069F6002BF5B8DCCEE4D,907E48D0427A0DCCDDD3BF3B27B3624A
SRR21374632,2022-09-02 07:51:03,2022-09-02 07:04:47,8904530,2689168060,8904530,302,803,,https://sra-downloadb.be-md.ncbi.nlm.nih.gov/sos4/sra-pub-run-30/SRR021/21374/SRR21374632/SRR21374632.1,SRX17380166,BAK_12,WGS,RANDOM,METAGENOMIC,PAIRED,0,0,ILLUMINA,Illumina NovaSeq 6000,SRP395024,PRJNA875025,,875025,SRS14939343,SAMN30613464,simple,527639,wastewater metagenome,BAK_12,,,,,,,no,,,,,"UNIVERSITY OF COLORADO, BOULDER",SRA1488268,,public,08FF1CE2BB6D05716045B7AE4848A556,CD15123C37A9CADBB49006111EEFD048
SRR21374509,2022-09-02 06:59:09,2022-09-02 06:19:14,6362062,1921342724,6362062,302,578,,https://sra-downloadb.be-md.ncbi.nlm.nih.gov/sos3/sra-pub-run-36/SRR021/21374/SRR21374509/SRR21374509.1,SRX17380289,BAK_13,WGS,RANDOM,METAGENOMIC,PAIRED,0,0,ILLUMINA,Illumina NovaSeq 6000,SRP395024,PRJNA875025,,875025,SRS14939467,SAMN30613465,simple,527639,wastewater metagenome,BAK_13,,,,,,,no,,,,,"UNIVERSITY OF COLORADO, BOULDER",SRA1488268,,public,E9E0519A80AA70134730CDA49B064DC5,27E8BCA1559AD73C5102047DEE53AB76
SRR21374498,2022-09-02 06:59:09,2022-09-02 06:09:41,3753838,1133659076,3753838,302,342,,https://sra-downloadb.be-md.ncbi.nlm.nih.gov/sos3/sra-pub-run-36/SRR021/21374/SRR21374498/SRR21374498.1,SRX17380300,BAK_15,WGS,RANDOM,METAGENOMIC,PAIRED,0,0,ILLUMINA,Illumina NovaSeq 6000,SRP395024,PRJNA875025,,875025,SRS14939478,SAMN30613466,simple,527639,wastewater metagenome,BAK_15,,,,,,,no,,,,,"UNIVERSITY OF COLORADO, BOULDER",SRA1488268,,public,EACF17EE92E1DD3A0745D233CB98E467,F33EEDF40740C09B1B93E7A326D8A009
SRR21374487,2022-09-02 06:59:09,2022-09-02 06:14:07,2854362,862017324,2854362,302,273,,https://sra-downloadb.be-md.ncbi.nlm.nih.gov/sos3/sra-pub-run-36/SRR021/21374/SRR21374487/SRR21374487.1,SRX17380311,BAK_17,WGS,RANDOM,METAGENOMIC,PAIRED,0,0,ILLUMINA,Illumina NovaSeq 6000,SRP395024,PRJNA875025,,875025,SRS14939489,SAMN30613467,simple,527639,wastewater metagenome,BAK_17,,,,,,,no,,,,,"UNIVERSITY OF COLORADO, BOULDER",SRA1488268,,public,A71DC345FC8D7A4B9344FFA8B0226671,61855EC087B158AD5A7F812151623A36
SRR21374572,2022-09-02 06:59:09,2022-09-02 06:10:04,2003833,605157566,2003833,302,196,,https://sra-downloadb.be-md.ncbi.nlm.nih.gov/sos3/sra-pub-run-36/SRR021/21374/SRR21374572/SRR21374572.1,SRX17380226,BAK_19,WGS,RANDOM,METAGENOMIC,PAIRED,0,0,ILLUMINA,Illumina NovaSeq 6000,SRP395024,PRJNA875025,,875025,SRS14939404,SAMN30613468,simple,527639,wastewater metagenome,BAK_19,,,,,,,no,,,,,"UNIVERSITY OF COLORADO, BOULDER",SRA1488268,,public,8B334D3AD35B8382FB6751AFDAD6CF38,937C461C934A113B6BD4D2F66594A5D8
SRR21374550,2022-09-02 07:51:04,2022-09-02 06:29:16,5787733,1747895366,5787733,302,535,,https://sra-downloadb.be-md.ncbi.nlm.nih.gov/sos4/sra-pub-run-30/SRR021/21374/SRR21374550/SRR21374550.1,SRX17380248,BAK_20,WGS,RANDOM,METAGENOMIC,PAIRED,0,0,ILLUMINA,Illumina NovaSeq 6000,SRP395024,PRJNA875025,,875025,SRS14939426,SAMN30613469,simple,527639,wastewater metagenome,BAK_20,,,,,,,no,,,,,"UNIVERSITY OF COLORADO, BOULDER",SRA1488268,,public,2339DA6196D1F77C6BC5FF9641FA3997,0AB9C2A6481C6BF3A1718B445CEF1A4D
SRR21374539,2022-09-02 07:51:04,2022-09-02 06:55:49,7137180,2155428360,7137180,302,653,,https://sra-downloadb.be-md.ncbi.nlm.nih.gov/sos3/sra-pub-run-36/SRR021/21374/SRR21374539/SRR21374539.1,SRX17380259,BAK_3,WGS,RANDOM,METAGENOMIC,PAIRED,0,0,ILLUMINA,Illumina NovaSeq 6000,SRP395024,PRJNA875025,,875025,SRS14939437,SAMN30613470,simple,527639,wastewater metagenome,BAK_3,,,,,,,no,,,,,"UNIVERSITY OF COLORADO, BOULDER",SRA1488268,,public,8C4D020F460F0509367954CB84ADF494,FBBBD83CFC241B3FD4E762D5236F0C52
SRR21374456,2022-09-02 07:51:04,2022-09-02 06:08:09,4617469,1394475638,4617469,302,428,,https://sra-downloadb.be-md.ncbi.nlm.nih.gov/sos3/sra-pub-run-36/SRR021/21374/SRR21374456/SRR21374456.1,SRX17380342,BAK_6,WGS,RANDOM,METAGENOMIC,PAIRED,0,0,ILLUMINA,Illumina NovaSeq 6000,SRP395024,PRJNA875025,,875025,SRS14939520,SAMN30613471,simple,527639,wastewater metagenome,BAK_6,,,,,,,no,,,,,"UNIVERSITY OF COLORADO, BOULDER",SRA1488268,,public,0570235EBD2CC10C342E9869D688F2E0,5F66841B7F7BF2CE01383CB5666419F5
SRR21374631,2022-09-02 09:35:07,2022-09-02 07:58:09,6025876,1819814552,6025876,302,553,,https://sra-downloadb.be-md.ncbi.nlm.nih.gov/sos4/sra-pub-run-30/SRR021/21374/SRR21374631/SRR21374631.1,SRX17380167,BAK_8,WGS,RANDOM,METAGENOMIC,PAIRED,0,0,ILLUMINA,Illumina NovaSeq 6000,SRP395024,PRJNA875025,,875025,SRS14939346,SAMN30613472,simple,527639,wastewater metagenome,BAK_8,,,,,,,no,,,,,"UNIVERSITY OF COLORADO, BOULDER",SRA1488268,,public,74FB1642CE0E431A47A852321B34B91B,EA9557E67FFB19C9C85D2B7087CA0591
SRR21374482,2022-09-02 06:59:10,2022-09-02 06:13:05,8032369,2425775438,8032369,302,735,,https://sra-downloadb.be-md.ncbi.nlm.nih.gov/sos3/sra-pub-run-36/SRR021/21374/SRR21374482/SRR21374482.1,SRX17380316,BAS_1,WGS,RANDOM,METAGENOMIC,PAIRED,0,0,ILLUMINA,Illumina NovaSeq 6000,SRP395024,PRJNA875025,,875025,SRS14939494,SAMN30613473,simple,527639,wastewater metagenome,BAS_1,,,,,,,no,,,,,"UNIVERSITY OF COLORADO, BOULDER",SRA1488268,,public,FD85111DB704509CBD555CDF3D92793C,3D440DAD38DA8BC619D5EA18EAACB227
SRR21374596,2022-09-02 07:51:04,2022-09-02 06:45:15,5898399,1781316498,5898399,302,554,,https://sra-downloadb.be-md.ncbi.nlm.nih.gov/sos4/sra-pub-run-30/SRR021/21374/SRR21374596/SRR21374596.1,SRX17380202,BAS_10,WGS,RANDOM,METAGENOMIC,PAIRED,0,0,ILLUMINA,Illumina NovaSeq 6000,SRP395024,PRJNA875025,,875025,SRS14939380,SAMN30613474,simple,527639,wastewater metagenome,BAS_10,,,,,,,no,,,,,"UNIVERSITY OF COLORADO, BOULDER",SRA1488268,,public,AD881A41E9129D375ECEBEA1DB1B5EA7,D36AB7766F3B9899E9D275C1B2008829
SRR21374585,2022-09-02 07:51:04,2022-09-02 07:01:08,5070304,1531231808,5070304,302,470,,https://sra-downloadb.be-md.ncbi.nlm.nih.gov/sos3/sra-pub-run-36/SRR021/21374/SRR21374585/SRR21374585.1,SRX17380213,BAS_12,WGS,RANDOM,METAGENOMIC,PAIRED,0,0,ILLUMINA,Illumina NovaSeq 6000,SRP395024,PRJNA875025,,875025,SRS14939391,SAMN30613475,simple,527639,wastewater metagenome,BAS_12,,,,,,,no,,,,,"UNIVERSITY OF COLORADO, BOULDER",SRA1488268,,public,BA328DEEF86F2359C3961D7648FE5D92,AD08452D45EC4F6C4859D86C569242F3
SRR21374622,2022-09-02 06:59:09,2022-09-02 06:18:25,4070620,1229327240,4070620,302,386,,https://sra-downloadb.be-md.ncbi.nlm.nih.gov/sos3/sra-pub-run-36/SRR021/21374/SRR21374622/SRR21374622.1,SRX17380176,BAS_13,WGS,RANDOM,METAGENOMIC,PAIRED,0,0,ILLUMINA,Illumina NovaSeq 6000,SRP395024,PRJNA875025,,875025,SRS14939354,SAMN30613476,simple,527639,wastewater metagenome,BAS_13,,,,,,,no,,,,,"UNIVERSITY OF COLORADO, BOULDER",SRA1488268,,public,79C52ADC7264F048E6AD8D155117BD7B,88A7DA5140BA77B547014723D8313E7E
SRR21374611,2022-09-02 10:43:21,2022-09-02 09:30:38,6041489,1824529678,6041489,302,552,,https://sra-downloadb.be-md.ncbi.nlm.nih.gov/sos3/sra-pub-run-36/SRR021/21374/SRR21374611/SRR21374611.1,SRX17380187,BAS_15,WGS,RANDOM,METAGENOMIC,PAIRED,0,0,ILLUMINA,Illumina NovaSeq 6000,SRP395024,PRJNA875025,,875025,SRS14939366,SAMN30613477,simple,527639,wastewater metagenome,BAS_15,,,,,,,no,,,,,"UNIVERSITY OF COLORADO, BOULDER",SRA1488268,,public,07E796BAA8A3A569E09C513A688C2C00,7C67F98D82CD0398779B1770EAA4ADCC
SRR21374528,2022-09-02 06:59:09,2022-09-02 06:13:10,5166363,1560241626,5166363,302,514,,https://sra-downloadb.be-md.ncbi.nlm.nih.gov/sos3/sra-pub-run-36/SRR021/21374/SRR21374528/SRR21374528.1,SRX17380270,BAS_17,WGS,RANDOM,METAGENOMIC,PAIRED,0,0,ILLUMINA,Illumina NovaSeq 6000,SRP395024,PRJNA875025,,875025,SRS14939448,SAMN30613478,simple,527639,wastewater metagenome,BAS_17,,,,,,,no,,,,,"UNIVERSITY OF COLORADO, BOULDER",SRA1488268,,public,F92B892342B5494B05EE6EAC6B91FE78,DF18E2CFAC3670B51A6D0A284A8B1AE1
SRR21374517,2022-09-02 06:59:09,2022-09-02 06:11:06,2966652,895928904,2966652,302,305,,https://sra-downloadb.be-md.ncbi.nlm.nih.gov/sos4/sra-pub-run-30/SRR021/21374/SRR21374517/SRR21374517.1,SRX17380281,BAS_19,WGS,RANDOM,METAGENOMIC,PAIRED,0,0,ILLUMINA,Illumina NovaSeq 6000,SRP395024,PRJNA875025,,875025,SRS14939459,SAMN30613479,simple,527639,wastewater metagenome,BAS_19,,,,,,,no,,,,,"UNIVERSITY OF COLORADO, BOULDER",SRA1488268,,public,CCD2AFF018E89B18C7E1C82ACCA14234,53CBB6C85DFDDA195503B5042A6B9C0B
SRR21374471,2022-09-02 06:59:10,2022-09-02 06:12:01,6045872,1825853344,6045872,302,555,,https://sra-downloadb.be-md.ncbi.nlm.nih.gov/sos3/sra-pub-run-36/SRR021/21374/SRR21374471/SRR21374471.1,SRX17380327,BAS_20,WGS,RANDOM,METAGENOMIC,PAIRED,0,0,ILLUMINA,Illumina NovaSeq 6000,SRP395024,PRJNA875025,,875025,SRS14939504,SAMN30613480,simple,527639,wastewater metagenome,BAS_20,,,,,,,no,,,,,"UNIVERSITY OF COLORADO, BOULDER",SRA1488268,,public,60FAB3E072937F05FA94A055626DDF0A,94AD31E04B56EE09D21D9E7D2C068E7A
SRR21374510,2022-09-02 06:59:09,2022-09-02 06:20:45,6930982,2093156564,6930982,302,672,,https://sra-downloadb.be-md.ncbi.nlm.nih.gov/sos4/sra-pub-run-30/SRR021/21374/SRR21374510/SRR21374510.1,SRX17380288,BAS_3,WGS,RANDOM,METAGENOMIC,PAIRED,0,0,ILLUMINA,Illumina NovaSeq 6000,SRP395024,PRJNA875025,,875025,SRS14939465,SAMN30613481,simple,527639,wastewater metagenome,BAS_3,,,,,,,no,,,,,"UNIVERSITY OF COLORADO, BOULDER",SRA1488268,,public,9ACF1FFC6E3C71B1CE6EE7BDFC427E80,DF09C2E80E187538A9DF0E9CDCA9E1CF
SRR21374508,2022-09-02 06:59:09,2022-09-02 06:13:33,5165052,1559845704,5165052,302,482,,https://sra-downloadb.be-md.ncbi.nlm.nih.gov/sos3/sra-pub-run-36/SRR021/21374/SRR21374508/SRR21374508.1,SRX17380290,BAS_5,WGS,RANDOM,METAGENOMIC,PAIRED,0,0,ILLUMINA,Illumina NovaSeq 6000,SRP395024,PRJNA875025,,875025,SRS14939469,SAMN30613482,simple,527639,wastewater metagenome,BAS_5,,,,,,,no,,,,,"UNIVERSITY OF COLORADO, BOULDER",SRA1488268,,public,50F71A2713C4A80061BE3F5559A218DE,EFD9A337624DEBFB0728ABA7B1B7695F
SRR21374507,2022-09-01 05:36:02,2022-09-01 05:29:52,4272534,1290305268,4272534,302,385,,https://sra-download.ncbi.nlm.nih.gov/traces/sra10/SRR/020873/SRR21374507,SRX17380291,BAS_6,WGS,RANDOM,METAGENOMIC,PAIRED,0,0,ILLUMINA,Illumina NovaSeq 6000,SRP395024,PRJNA875025,,875025,SRS14939468,SAMN30613483,simple,527639,wastewater metagenome,BAS_6,,,,,,,no,,,,,"UNIVERSITY OF COLORADO, BOULDER",SRA1488268,,public,35CB427C9A772DBB51A7BFA39951432F,90A829AF3696A876D70E2F45B8282791
SRR21374506,2022-09-01 05:36:02,2022-09-01 05:30:41,6243176,1885439152,6243176,302,583,,https://sra-pub-run-odp.s3.amazonaws.com/sra/SRR21374506/SRR21374506,SRX17380292,BAS_8,WGS,RANDOM,METAGENOMIC,PAIRED,0,0,ILLUMINA,Illumina NovaSeq 6000,SRP395024,PRJNA875025,,875025,SRS14939470,SAMN30613484,simple,527639,wastewater metagenome,BAS_8,,,,,,,no,,,,,"UNIVERSITY OF COLORADO, BOULDER",SRA1488268,,public,2151317766CFF6959D266ADEBF78E9A8,6103E338F1D544B4B399886EA9476E83
SRR21374499,2022-09-02 08:29:36,2022-09-02 07:23:17,6948507,2098449114,6948507,302,646,,https://sra-downloadb.be-md.ncbi.nlm.nih.gov/sos4/sra-pub-run-30/SRR021/21374/SRR21374499/SRR21374499.1,SRX17380299,BRA_1,WGS,RANDOM,METAGENOMIC,PAIRED,0,0,ILLUMINA,Illumina NovaSeq 6000,SRP395024,PRJNA875025,,875025,SRS14939477,SAMN30613485,simple,527639,wastewater metagenome,BRA_1,,,,,,,no,,,,,"UNIVERSITY OF COLORADO, BOULDER",SRA1488268,,public,C0B21875B0C86F81F4B48FC3579BE64C,026B64ED126604F154A0CA8D22791136
SRR21374505,2022-09-02 06:59:09,2022-09-02 06:25:31,7346454,2218629108,7346454,302,676,,https://sra-downloadb.be-md.ncbi.nlm.nih.gov/sos4/sra-pub-run-30/SRR021/21374/SRR21374505/SRR21374505.1,SRX17380293,BRA_10,WGS,RANDOM,METAGENOMIC,PAIRED,0,0,ILLUMINA,Illumina NovaSeq 6000,SRP395024,PRJNA875025,,875025,SRS14939471,SAMN30613486,simple,527639,wastewater metagenome,BRA_10,,,,,,,no,,,,,"UNIVERSITY OF COLORADO, BOULDER",SRA1488268,,public,2373299B730D1828CF390462358FCBBE,9B4897D02973D21B15168B8CD1B0D09C
SRR21374504,2022-09-02 06:59:09,2022-09-02 06:11:11,3689657,1114276414,3689657,302,340,,https://sra-downloadb.be-md.ncbi.nlm.nih.gov/sos4/sra-pub-run-30/SRR021/21374/SRR21374504/SRR21374504.1,SRX17380294,BRA_12,WGS,RANDOM,METAGENOMIC,PAIRED,0,0,ILLUMINA,Illumina NovaSeq 6000,SRP395024,PRJNA875025,,875025,SRS14939472,SAMN30613487,simple,527639,wastewater metagenome,BRA_12,,,,,,,no,,,,,"UNIVERSITY OF COLORADO, BOULDER",SRA1488268,,public,DE49F4AD81E41683747D84A71F0F2C3F,9368686F3AC880735A759FB7314808C0
SRR21374503,2022-09-02 06:59:09,2022-09-02 06:13:13,5363499,1619776698,5363499,302,505,,https://sra-downloadb.be-md.ncbi.nlm.nih.gov/sos4/sra-pub-run-30/SRR021/21374/SRR21374503/SRR21374503.1,SRX17380295,BRA_13,WGS,RANDOM,METAGENOMIC,PAIRED,0,0,ILLUMINA,Illumina NovaSeq 6000,SRP395024,PRJNA875025,,875025,SRS14939473,SAMN30613488,simple,527639,wastewater metagenome,BRA_13,,,,,,,no,,,,,"UNIVERSITY OF COLORADO, BOULDER",SRA1488268,,public,6CD4FC9DD86D30603A049322F5CA55C8,A78BFCEE36CF3B571D78ADA1F0C3220A
SRR21374502,2022-09-01 05:30:44,2022-09-01 05:28:34,2846662,859691924,2846662,302,259,,https://sra-downloadb.be-md.ncbi.nlm.nih.gov/sos3/sra-pub-zq-24/SRR021/21374/SRR21374502/SRR21374502.lite.1,SRX17380296,BRA_15,WGS,RANDOM,METAGENOMIC,PAIRED,0,0,ILLUMINA,Illumina NovaSeq 6000,SRP395024,PRJNA875025,,875025,SRS14939474,SAMN30613489,simple,527639,wastewater metagenome,BRA_15,,,,,,,no,,,,,"UNIVERSITY OF COLORADO, BOULDER",SRA1488268,,public,89B3F2AEC381AE409F89AD72EBA53E7B,6E2C295E8C1676462B6D777AE6216F52
SRR21374501,2022-09-02 06:59:09,2022-09-02 06:34:20,4005750,1209736500,4005750,302,388,,https://sra-downloadb.be-md.ncbi.nlm.nih.gov/sos4/sra-pub-run-30/SRR021/21374/SRR21374501/SRR21374501.1,SRX17380297,BRA_17,WGS,RANDOM,METAGENOMIC,PAIRED,0,0,ILLUMINA,Illumina NovaSeq 6000,SRP395024,PRJNA875025,,875025,SRS14939475,SAMN30613490,simple,527639,wastewater metagenome,BRA_17,,,,,,,no,,,,,"UNIVERSITY OF COLORADO, BOULDER",SRA1488268,,public,0955AD36D7698DBC25F9CEA82CCDEEDF,44630B5C4E279BC2AB4872E10A1B46CF
SRR21374500,2022-09-02 07:51:04,2022-09-02 06:07:45,3700711,1117614722,3700711,302,365,,https://sra-downloadb.be-md.ncbi.nlm.nih.gov/sos3/sra-pub-run-36/SRR021/21374/SRR21374500/SRR21374500.1,SRX17380298,BRA_19,WGS,RANDOM,METAGENOMIC,PAIRED,0,0,ILLUMINA,Illumina NovaSeq 6000,SRP395024,PRJNA875025,,875025,SRS14939476,SAMN30613491,simple,527639,wastewater metagenome,BRA_19,,,,,,,no,,,,,"UNIVERSITY OF COLORADO, BOULDER",SRA1488268,,public,EE72204CE0DFB350F10BE09A3F9FD815,6394297EAFF88BEB15AA50C34BB1F84B
SRR21374497,2022-09-02 07:51:04,2022-09-02 06:40:42,6615352,1997836304,6615352,302,615,,https://sra-downloadb.be-md.ncbi.nlm.nih.gov/sos4/sra-pub-run-30/SRR021/21374/SRR21374497/SRR21374497.1,SRX17380301,BRA_20,WGS,RANDOM,METAGENOMIC,PAIRED,0,0,ILLUMINA,Illumina NovaSeq 6000,SRP395024,PRJNA875025,,875025,SRS14939479,SAMN30613492,simple,527639,wastewater metagenome,BRA_20,,,,,,,no,,,,,"UNIVERSITY OF COLORADO, BOULDER",SRA1488268,,public,1EB0B79EE410B71D4303AD25A847F0B5,B75A183B3325807B636EB29FA34E7EC9
SRR21374496,2022-09-02 06:59:09,2022-09-02 06:20:28,6547245,1977267990,6547245,302,604,,https://sra-downloadb.be-md.ncbi.nlm.nih.gov/sos4/sra-pub-run-30/SRR021/21374/SRR21374496/SRR21374496.1,SRX17380302,BRA_3,WGS,RANDOM,METAGENOMIC,PAIRED,0,0,ILLUMINA,Illumina NovaSeq 6000,SRP395024,PRJNA875025,,875025,SRS14939480,SAMN30613493,simple,527639,wastewater metagenome,BRA_3,,,,,,,no,,,,,"UNIVERSITY OF COLORADO, BOULDER",SRA1488268,,public,1EB02C38D9DD966141FE00E713CFD3F9,322CE02D6B653D9B4FCAC190B90E35F0
SRR21374495,2022-09-02 06:59:09,2022-09-02 06:12:15,6328706,1911269212,6328706,302,609,,https://sra-downloadb.be-md.ncbi.nlm.nih.gov/sos4/sra-pub-run-30/SRR021/21374/SRR21374495/SRR21374495.1,SRX17380303,BRA_5,WGS,RANDOM,METAGENOMIC,PAIRED,0,0,ILLUMINA,Illumina NovaSeq 6000,SRP395024,PRJNA875025,,875025,SRS14939481,SAMN30613494,simple,527639,wastewater metagenome,BRA_5,,,,,,,no,,,,,"UNIVERSITY OF COLORADO, BOULDER",SRA1488268,,public,039D6E546B6EED45E4817F7832A397B4,DD4F0CE43211C184AE009365197578DE
SRR21374494,2022-09-02 06:59:09,2022-09-02 06:15:06,6527434,1971285068,6527434,302,613,,https://sra-downloadb.be-md.ncbi.nlm.nih.gov/sos4/sra-pub-run-30/SRR021/21374/SRR21374494/SRR21374494.1,SRX17380304,BRA_6,WGS,RANDOM,METAGENOMIC,PAIRED,0,0,ILLUMINA,Illumina NovaSeq 6000,SRP395024,PRJNA875025,,875025,SRS14939482,SAMN30613495,simple,527639,wastewater metagenome,BRA_6,,,,,,,no,,,,,"UNIVERSITY OF COLORADO, BOULDER",SRA1488268,,public,403573EB53F8B707D7856C604A2ACFCD,CDB6D92B3CD668200FEF27AB7C5ED40B
SRR21374493,2022-09-02 06:59:09,2022-09-02 06:09:29,5636863,1702332626,5636863,302,522,,https://sra-downloadb.be-md.ncbi.nlm.nih.gov/sos4/sra-pub-run-30/SRR021/21374/SRR21374493/SRR21374493.1,SRX17380305,BRA_8,WGS,RANDOM,METAGENOMIC,PAIRED,0,0,ILLUMINA,Illumina NovaSeq 6000,SRP395024,PRJNA875025,,875025,SRS14939483,SAMN30613496,simple,527639,wastewater metagenome,BRA_8,,,,,,,no,,,,,"UNIVERSITY OF COLORADO, BOULDER",SRA1488268,,public,6247533E68D93009377120EA5F50757D,2AF47253EA4C0E48088A60DC61419052
SRR21374581,2022-09-02 07:51:04,2022-09-02 06:53:28,5505112,1662543824,5505112,302,502,,https://sra-downloadb.be-md.ncbi.nlm.nih.gov/sos3/sra-pub-run-36/SRR021/21374/SRR21374581/SRR21374581.1,SRX17380217,CHE_1,WGS,RANDOM,METAGENOMIC,PAIRED,0,0,ILLUMINA,Illumina NovaSeq 6000,SRP395024,PRJNA875025,,875025,SRS14939395,SAMN30613497,simple,527639,wastewater metagenome,CHE_1,,,,,,,no,,,,,"UNIVERSITY OF COLORADO, BOULDER",SRA1488268,,public,4C3EFCAB79ECBFFEBF7B450DF594784D,5374A40FABF85BE03461B83B14A15B6C
SRR21374492,2022-09-02 07:51:04,2022-09-02 06:58:56,7556878,2282177156,7556878,302,700,,https://sra-downloadb.be-md.ncbi.nlm.nih.gov/sos3/sra-pub-run-36/SRR021/21374/SRR21374492/SRR21374492.1,SRX17380306,CHE_10,WGS,RANDOM,METAGENOMIC,PAIRED,0,0,ILLUMINA,Illumina NovaSeq 6000,SRP395024,PRJNA875025,,875025,SRS14939484,SAMN30613498,simple,527639,wastewater metagenome,CHE_10,,,,,,,no,,,,,"UNIVERSITY OF COLORADO, BOULDER",SRA1488268,,public,466CFC4A54E8698DDC0E887C39BF4547,BF533F6FB122644DEF5E9EACA7A42D93
SRR21374491,2022-09-02 11:06:54,2022-09-02 07:07:09,6101481,1842647262,6101481,302,629,,https://sra-downloadb.be-md.ncbi.nlm.nih.gov/sos4/sra-pub-run-30/SRR021/21374/SRR21374491/SRR21374491.1,SRX17380307,CHE_12,WGS,RANDOM,METAGENOMIC,PAIRED,0,0,ILLUMINA,Illumina NovaSeq 6000,SRP395024,PRJNA875025,,875025,SRS14939485,SAMN30613499,simple,527639,wastewater metagenome,CHE_12,,,,,,,no,,,,,"UNIVERSITY OF COLORADO, BOULDER",SRA1488268,,public,DF2E55C4DFA3BE4F4260C15A1F44B4E2,23679D369F7AC2B0F3F67C1F3EC6E194
SRR21374490,2022-09-02 06:59:09,2022-09-02 06:08:07,3931455,1187299410,3931455,302,368,,https://sra-downloadb.be-md.ncbi.nlm.nih.gov/sos3/sra-pub-run-36/SRR021/21374/SRR21374490/SRR21374490.1,SRX17380308,CHE_13,WGS,RANDOM,METAGENOMIC,PAIRED,0,0,ILLUMINA,Illumina NovaSeq 6000,SRP395024,PRJNA875025,,875025,SRS14939486,SAMN30613500,simple,527639,wastewater metagenome,CHE_13,,,,,,,no,,,,,"UNIVERSITY OF COLORADO, BOULDER",SRA1488268,,public,F07AD5C90318B4BB709839A9198AF12A,9CDDE350BF8B3F3A3C627F4DF6B6C2EA
SRR21374489,2022-09-02 06:59:09,2022-09-02 06:10:48,3777950,1140940900,3777950,302,354,,https://sra-downloadb.be-md.ncbi.nlm.nih.gov/sos4/sra-pub-run-30/SRR021/21374/SRR21374489/SRR21374489.1,SRX17380309,CHE_15,WGS,RANDOM,METAGENOMIC,PAIRED,0,0,ILLUMINA,Illumina NovaSeq 6000,SRP395024,PRJNA875025,,875025,SRS14939487,SAMN30613501,simple,527639,wastewater metagenome,CHE_15,,,,,,,no,,,,,"UNIVERSITY OF COLORADO, BOULDER",SRA1488268,,public,C76CAA98C71F5637D9763832A6D47D53,EE4FD9C9C39310B7C6812C61DD6EF29A
SRR21374488,2022-09-02 06:59:09,2022-09-02 05:55:02,3990643,1205174186,3990643,302,375,,https://sra-downloadb.be-md.ncbi.nlm.nih.gov/sos4/sra-pub-run-30/SRR021/21374/SRR21374488/SRR21374488.1,SRX17380310,CHE_17,WGS,RANDOM,METAGENOMIC,PAIRED,0,0,ILLUMINA,Illumina NovaSeq 6000,SRP395024,PRJNA875025,,875025,SRS14939488,SAMN30613502,simple,527639,wastewater metagenome,CHE_17,,,,,,,no,,,,,"UNIVERSITY OF COLORADO, BOULDER",SRA1488268,,public,9035E71DF242C1F8154A7F435FCAA0CE,48F7942789EC6355611D625BAE66E5A7
SRR21374582,2022-09-02 07:51:04,2022-09-02 07:05:22,2335683,705376266,2335683,302,220,,https://sra-downloadb.be-md.ncbi.nlm.nih.gov/sos3/sra-pub-run-36/SRR021/21374/SRR21374582/SRR21374582.1,SRX17380216,CHE_19,WGS,RANDOM,METAGENOMIC,PAIRED,0,0,ILLUMINA,Illumina NovaSeq 6000,SRP395024,PRJNA875025,,875025,SRS14939394,SAMN30613503,simple,527639,wastewater metagenome,CHE_19,,,,,,,no,,,,,"UNIVERSITY OF COLORADO, BOULDER",SRA1488268,,public,95C325A0B9C304E37D6EB249DEC11E1A,581CE12175FE992C83B888AB64D80A66
SRR21374580,2022-09-02 07:51:04,2022-09-02 06:45:13,5796224,1750459648,5796224,302,538,,https://sra-downloadb.be-md.ncbi.nlm.nih.gov/sos4/sra-pub-run-30/SRR021/21374/SRR21374580/SRR21374580.1,SRX17380218,CHE_20,WGS,RANDOM,METAGENOMIC,PAIRED,0,0,ILLUMINA,Illumina NovaSeq 6000,SRP395024,PRJNA875025,,875025,SRS14939396,SAMN30613504,simple,527639,wastewater metagenome,CHE_20,,,,,,,no,,,,,"UNIVERSITY OF COLORADO, BOULDER",SRA1488268,,public,8A7BD0205AE1974F0C4195D215E9D108,5CF98F2C52647734635ACA207EBEF74A
SRR21374579,2022-09-02 10:44:41,2022-09-02 10:22:44,7388122,2231212844,7388122,302,695,,https://sra-downloadb.be-md.ncbi.nlm.nih.gov/sos3/sra-pub-run-36/SRR021/21374/SRR21374579/SRR21374579.1,SRX17380219,CHE_3,WGS,RANDOM,METAGENOMIC,PAIRED,0,0,ILLUMINA,Illumina NovaSeq 6000,SRP395024,PRJNA875025,,875025,SRS14939397,SAMN30613505,simple,527639,wastewater metagenome,CHE_3,,,,,,,no,,,,,"UNIVERSITY OF COLORADO, BOULDER",SRA1488268,,public,7A57ACEF78AB45DDEDAA32B34E8C5EDC,1873FFD9A02513306CE04AC62343CD06
SRR21374578,2022-09-02 08:01:52,2022-09-02 07:41:10,7255427,2191138954,7255427,302,658,,https://sra-downloadb.be-md.ncbi.nlm.nih.gov/sos3/sra-pub-run-36/SRR021/21374/SRR21374578/SRR21374578.1,SRX17380220,CHE_5,WGS,RANDOM,METAGENOMIC,PAIRED,0,0,ILLUMINA,Illumina NovaSeq 6000,SRP395024,PRJNA875025,,875025,SRS14939398,SAMN30613506,simple,527639,wastewater metagenome,CHE_5,,,,,,,no,,,,,"UNIVERSITY OF COLORADO, BOULDER",SRA1488268,,public,367F10F98BD0B498CF01BFFC06AFDA1F,2B6EC76C5B4A69B69714B557BDD35321
SRR21374577,2022-09-02 07:51:04,2022-09-02 06:57:04,7267354,2194740908,7267354,302,657,,https://sra-downloadb.be-md.ncbi.nlm.nih.gov/sos4/sra-pub-run-30/SRR021/21374/SRR21374577/SRR21374577.1,SRX17380221,CHE_6,WGS,RANDOM,METAGENOMIC,PAIRED,0,0,ILLUMINA,Illumina NovaSeq 6000,SRP395024,PRJNA875025,,875025,SRS14939399,SAMN30613507,simple,527639,wastewater metagenome,CHE_6,,,,,,,no,,,,,"UNIVERSITY OF COLORADO, BOULDER",SRA1488268,,public,DE9368EF0BD7117B81CED2B1F322887B,42EF7891B4439B8BA9AB9210ED4C7A46
SRR21374576,2022-09-02 21:53:28,2022-09-02 21:50:32,7376494,2227701188,7376494,302,711,,https://sra-downloadb.be-md.ncbi.nlm.nih.gov/sos3/sra-pub-run-36/SRR021/21374/SRR21374576/SRR21374576.1,SRX17380222,CHE_8,WGS,RANDOM,METAGENOMIC,PAIRED,0,0,ILLUMINA,Illumina NovaSeq 6000,SRP395024,PRJNA875025,,875025,SRS14939400,SAMN30613508,simple,527639,wastewater metagenome,CHE_8,,,,,,,no,,,,,"UNIVERSITY OF COLORADO, BOULDER",SRA1488268,,public,F4D9409D51B3ABE90B5B2338E1D8ADEA,1FEC14FBF026B3B39630F450E35ED173
SRR21374568,2022-09-02 06:59:09,2022-09-02 06:25:44,5717824,1726782848,5717824,302,521,,https://sra-downloadb.be-md.ncbi.nlm.nih.gov/sos4/sra-pub-run-30/SRR021/21374/SRR21374568/SRR21374568.1,SRX17380230,COC_1,WGS,RANDOM,METAGENOMIC,PAIRED,0,0,ILLUMINA,Illumina NovaSeq 6000,SRP395024,PRJNA875025,,875025,SRS14939408,SAMN30613509,simple,527639,wastewater metagenome,COC_1,,,,,,,no,,,,,"UNIVERSITY OF COLORADO, BOULDER",SRA1488268,,public,7AE326653C480CB50E1E7644629A6757,B061B29CA4F11541551079629BAD6E7E
SRR21374575,2022-09-02 07:51:04,2022-09-02 06:50:58,8144897,2459758894,8144897,302,735,,https://sra-downloadb.be-md.ncbi.nlm.nih.gov/sos3/sra-pub-run-36/SRR021/21374/SRR21374575/SRR21374575.1,SRX17380223,COC_10,WGS,RANDOM,METAGENOMIC,PAIRED,0,0,ILLUMINA,Illumina NovaSeq 6000,SRP395024,PRJNA875025,,875025,SRS14939401,SAMN30613510,simple,527639,wastewater metagenome,COC_10,,,,,,,no,,,,,"UNIVERSITY OF COLORADO, BOULDER",SRA1488268,,public,52BAE13EE215AE74C31005F76BEC5E40,6E9AAC307F21A810FB802BCA8C1C2004
SRR21374574,2022-09-02 07:51:04,2022-09-02 06:35:53,9549757,2884026614,9549757,302,884,,https://sra-downloadb.be-md.ncbi.nlm.nih.gov/sos4/sra-pub-run-30/SRR021/21374/SRR21374574/SRR21374574.1,SRX17380224,COC_12,WGS,RANDOM,METAGENOMIC,PAIRED,0,0,ILLUMINA,Illumina NovaSeq 6000,SRP395024,PRJNA875025,,875025,SRS14939402,SAMN30613511,simple,527639,wastewater metagenome,COC_12,,,,,,,no,,,,,"UNIVERSITY OF COLORADO, BOULDER",SRA1488268,,public,22C6165FA613DFBB01230A9F382D4C1F,7798540B6E9A70D1CF53A5374E98F846
SRR21374573,2022-09-02 07:51:04,2022-09-02 06:59:42,4131438,1247694276,4131438,302,398,,https://sra-downloadb.be-md.ncbi.nlm.nih.gov/sos3/sra-pub-run-36/SRR021/21374/SRR21374573/SRR21374573.1,SRX17380225,COC_13,WGS,RANDOM,METAGENOMIC,PAIRED,0,0,ILLUMINA,Illumina NovaSeq 6000,SRP395024,PRJNA875025,,875025,SRS14939403,SAMN30613512,simple,527639,wastewater metagenome,COC_13,,,,,,,no,,,,,"UNIVERSITY OF COLORADO, BOULDER",SRA1488268,,public,1B922F9B5FB42847B66A995E9AFEE7DF,004FD6F4A25E545C0AEB42FE154E398E
SRR21374571,2022-09-02 07:51:04,2022-09-02 06:10:50,4844702,1463100004,4844702,302,439,,https://sra-downloadb.be-md.ncbi.nlm.nih.gov/sos4/sra-pub-run-30/SRR021/21374/SRR21374571/SRR21374571.1,SRX17380227,COC_15,WGS,RANDOM,METAGENOMIC,PAIRED,0,0,ILLUMINA,Illumina NovaSeq 6000,SRP395024,PRJNA875025,,875025,SRS14939405,SAMN30613513,simple,527639,wastewater metagenome,COC_15,,,,,,,no,,,,,"UNIVERSITY OF COLORADO, BOULDER",SRA1488268,,public,6076FFF001C264049DD5B405866E1FAF,AAEE4343133EC22E3E4871AC3AC326BB
SRR21374570,2022-09-02 06:59:09,2022-09-02 06:29:50,5457100,1648044200,5457100,302,499,,https://sra-downloadb.be-md.ncbi.nlm.nih.gov/sos4/sra-pub-run-30/SRR021/21374/SRR21374570/SRR21374570.1,SRX17380228,COC_17,WGS,RANDOM,METAGENOMIC,PAIRED,0,0,ILLUMINA,Illumina NovaSeq 6000,SRP395024,PRJNA875025,,875025,SRS14939406,SAMN30613514,simple,527639,wastewater metagenome,COC_17,,,,,,,no,,,,,"UNIVERSITY OF COLORADO, BOULDER",SRA1488268,,public,E42FCE8081A498EB0C50EDC1FFFF18B5,38317459A598A1B8BBFAE398544D47D4
SRR21374569,2022-09-02 06:59:09,2022-09-02 06:11:04,3667747,1107659594,3667747,302,346,,https://sra-downloadb.be-md.ncbi.nlm.nih.gov/sos4/sra-pub-run-30/SRR021/21374/SRR21374569/SRR21374569.1,SRX17380229,COC_19,WGS,RANDOM,METAGENOMIC,PAIRED,0,0,ILLUMINA,Illumina NovaSeq 6000,SRP395024,PRJNA875025,,875025,SRS14939407,SAMN30613515,simple,527639,wastewater metagenome,COC_19,,,,,,,no,,,,,"UNIVERSITY OF COLORADO, BOULDER",SRA1488268,,public,5F20CDC03236DD88044DB650499C68C5,40666819E60763D57D20EC305269BD21
SRR21374567,2022-09-02 07:53:02,2022-09-02 07:31:18,7040158,2126127716,7040158,302,636,,https://sra-downloadb.be-md.ncbi.nlm.nih.gov/sos3/sra-pub-run-36/SRR021/21374/SRR21374567/SRR21374567.1,SRX17380231,COC_20,WGS,RANDOM,METAGENOMIC,PAIRED,0,0,ILLUMINA,Illumina NovaSeq 6000,SRP395024,PRJNA875025,,875025,SRS14939409,SAMN30613516,simple,527639,wastewater metagenome,COC_20,,,,,,,no,,,,,"UNIVERSITY OF COLORADO, BOULDER",SRA1488268,,public,049182845744365AEFFD0F7EFF00D8C0,DCA96FD01AAA56F08FF025B101E43315
SRR21374566,2022-09-02 06:59:09,2022-09-02 06:25:59,4708695,1422025890,4708695,302,450,,https://sra-downloadb.be-md.ncbi.nlm.nih.gov/sos3/sra-pub-run-36/SRR021/21374/SRR21374566/SRR21374566.1,SRX17380232,COC_3,WGS,RANDOM,METAGENOMIC,PAIRED,0,0,ILLUMINA,Illumina NovaSeq 6000,SRP395024,PRJNA875025,,875025,SRS14939410,SAMN30613517,simple,527639,wastewater metagenome,COC_3,,,,,,,no,,,,,"UNIVERSITY OF COLORADO, BOULDER",SRA1488268,,public,E43E88B097002A2AA4D8943DA706BB8C,41BAE76AF2E852B0140C5696C0903721
SRR21374565,2022-09-02 06:59:09,2022-09-02 06:22:00,7888242,2382249084,7888242,302,716,,https://sra-downloadb.be-md.ncbi.nlm.nih.gov/sos3/sra-pub-run-36/SRR021/21374/SRR21374565/SRR21374565.1,SRX17380233,COC_5,WGS,RANDOM,METAGENOMIC,PAIRED,0,0,ILLUMINA,Illumina NovaSeq 6000,SRP395024,PRJNA875025,,875025,SRS14939411,SAMN30613518,simple,527639,wastewater metagenome,COC_5,,,,,,,no,,,,,"UNIVERSITY OF COLORADO, BOULDER",SRA1488268,,public,035B871B972AD040371DEBC7871BFE86,E89A3B1851A63E5BAF4B8A17EA2862E4
SRR21374564,2022-09-02 07:51:04,2022-09-02 06:37:47,7206636,2176404072,7206636,302,656,,https://sra-downloadb.be-md.ncbi.nlm.nih.gov/sos4/sra-pub-run-30/SRR021/21374/SRR21374564/SRR21374564.1,SRX17380234,COC_6,WGS,RANDOM,METAGENOMIC,PAIRED,0,0,ILLUMINA,Illumina NovaSeq 6000,SRP395024,PRJNA875025,,875025,SRS14939412,SAMN30613519,simple,527639,wastewater metagenome,COC_6,,,,,,,no,,,,,"UNIVERSITY OF COLORADO, BOULDER",SRA1488268,,public,0E327DCF5667084C46C367C121A7B78B,41C22227F6DDD85121C5A01B7B2C1CB5
SRR21374563,2022-09-02 08:01:52,2022-09-02 06:31:57,7487762,2261304124,7487762,302,684,,https://sra-downloadb.be-md.ncbi.nlm.nih.gov/sos4/sra-pub-run-30/SRR021/21374/SRR21374563/SRR21374563.1,SRX17380235,COC_8,WGS,RANDOM,METAGENOMIC,PAIRED,0,0,ILLUMINA,Illumina NovaSeq 6000,SRP395024,PRJNA875025,,875025,SRS14939413,SAMN30613520,simple,527639,wastewater metagenome,COC_8,,,,,,,no,,,,,"UNIVERSITY OF COLORADO, BOULDER",SRA1488268,,public,D77C4A8855A3FB8E50086BAFD17EF1B6,26389D98B886E764DA2923537C8BC34D
SRR21374555,2022-09-02 07:54:54,2022-09-02 07:24:50,8985126,2713508052,8985126,302,838,,https://sra-downloadb.be-md.ncbi.nlm.nih.gov/sos3/sra-pub-run-36/SRR021/21374/SRR21374555/SRR21374555.1,SRX17380243,CRR_1,WGS,RANDOM,METAGENOMIC,PAIRED,0,0,ILLUMINA,Illumina NovaSeq 6000,SRP395024,PRJNA875025,,875025,SRS14939420,SAMN30613521,simple,527639,wastewater metagenome,CRR_1,,,,,,,no,,,,,"UNIVERSITY OF COLORADO, BOULDER",SRA1488268,,public,7084B196CD2CD24011F937016F673FDE,B9ED5F4F1A90165CE0273FF396A87A6F
SRR21374562,2022-09-02 06:59:09,2022-09-02 06:14:58,5259403,1588339706,5259403,302,484,,https://sra-downloadb.be-md.ncbi.nlm.nih.gov/sos3/sra-pub-run-36/SRR021/21374/SRR21374562/SRR21374562.1,SRX17380236,CRR_10,WGS,RANDOM,METAGENOMIC,PAIRED,0,0,ILLUMINA,Illumina NovaSeq 6000,SRP395024,PRJNA875025,,875025,SRS14939414,SAMN30613522,simple,527639,wastewater metagenome,CRR_10,,,,,,,no,,,,,"UNIVERSITY OF COLORADO, BOULDER",SRA1488268,,public,A27857ED2DC607B9FCA19C7D950523CF,D2FC87A239E8C9A68A1D6104B1D78F9E
SRR21374560,2022-09-02 06:59:09,2022-09-02 06:15:54,5640925,1703559350,5640925,302,519,,https://sra-downloadb.be-md.ncbi.nlm.nih.gov/sos4/sra-pub-run-30/SRR021/21374/SRR21374560/SRR21374560.1,SRX17380238,CRR_12,WGS,RANDOM,METAGENOMIC,PAIRED,0,0,ILLUMINA,Illumina NovaSeq 6000,SRP395024,PRJNA875025,,875025,SRS14939416,SAMN30613523,simple,527639,wastewater metagenome,CRR_12,,,,,,,no,,,,,"UNIVERSITY OF COLORADO, BOULDER",SRA1488268,,public,A0FADEDD3A86A76FD7E2F4F37D15D426,A02F60BFD46B604DBCAF09CB9A81AFD4
SRR21374559,2022-09-02 06:59:09,2022-09-02 06:10:06,2500468,755141336,2500468,302,247,,https://sra-downloadb.be-md.ncbi.nlm.nih.gov/sos4/sra-pub-run-30/SRR021/21374/SRR21374559/SRR21374559.1,SRX17380239,CRR_13,WGS,RANDOM,METAGENOMIC,PAIRED,0,0,ILLUMINA,Illumina NovaSeq 6000,SRP395024,PRJNA875025,,875025,SRS14939417,SAMN30613524,simple,527639,wastewater metagenome,CRR_13,,,,,,,no,,,,,"UNIVERSITY OF COLORADO, BOULDER",SRA1488268,,public,419D510952EC81560E35419727525E0B,7A929FA3E4BD94B0952771EBF336FED7
SRR21374558,2022-09-02 07:51:04,2022-09-02 06:41:45,7210112,2177453824,7210112,302,672,,https://sra-downloadb.be-md.ncbi.nlm.nih.gov/sos3/sra-pub-run-36/SRR021/21374/SRR21374558/SRR21374558.1,SRX17380240,CRR_15,WGS,RANDOM,METAGENOMIC,PAIRED,0,0,ILLUMINA,Illumina NovaSeq 6000,SRP395024,PRJNA875025,,875025,SRS14939419,SAMN30613525,simple,527639,wastewater metagenome,CRR_15,,,,,,,no,,,,,"UNIVERSITY OF COLORADO, BOULDER",SRA1488268,,public,8FD57B3CBCC6179C332EB5B8CB3FC83E,9EE505AD44509AC2162AC9F00AF4E290
SRR21374557,2022-09-02 06:59:09,2022-09-02 06:12:25,2127428,642483256,2127428,302,197,,https://sra-downloadb.be-md.ncbi.nlm.nih.gov/sos3/sra-pub-run-36/SRR021/21374/SRR21374557/SRR21374557.1,SRX17380241,CRR_17,WGS,RANDOM,METAGENOMIC,PAIRED,0,0,ILLUMINA,Illumina NovaSeq 6000,SRP395024,PRJNA875025,,875025,SRS14939418,SAMN30613526,simple,527639,wastewater metagenome,CRR_17,,,,,,,no,,,,,"UNIVERSITY OF COLORADO, BOULDER",SRA1488268,,public,D6039D6307A206F9F1C3A22058246DD0,7C8CAB7520F58C85246C0E5D554AFCAC
SRR21374556,2022-09-02 06:59:09,2022-09-02 06:11:32,5076438,1533084276,5076438,302,475,,https://sra-downloadb.be-md.ncbi.nlm.nih.gov/sos3/sra-pub-run-36/SRR021/21374/SRR21374556/SRR21374556.1,SRX17380242,CRR_19,WGS,RANDOM,METAGENOMIC,PAIRED,0,0,ILLUMINA,Illumina NovaSeq 6000,SRP395024,PRJNA875025,,875025,SRS14939421,SAMN30613527,simple,527639,wastewater metagenome,CRR_19,,,,,,,no,,,,,"UNIVERSITY OF COLORADO, BOULDER",SRA1488268,,public,51656872B1DB468B3EBBCB9617855322,14C3C885A1F5ADCB8ADC9C7243643CF4
SRR21374554,2022-09-02 07:51:04,2022-09-02 06:22:54,6195382,1871005364,6195382,302,587,,https://sra-downloadb.be-md.ncbi.nlm.nih.gov/sos4/sra-pub-run-30/SRR021/21374/SRR21374554/SRR21374554.1,SRX17380244,CRR_20,WGS,RANDOM,METAGENOMIC,PAIRED,0,0,ILLUMINA,Illumina NovaSeq 6000,SRP395024,PRJNA875025,,875025,SRS14939422,SAMN30613528,simple,527639,wastewater metagenome,CRR_20,,,,,,,no,,,,,"UNIVERSITY OF COLORADO, BOULDER",SRA1488268,,public,0ACCE7D1A651BF1C4D9B77DFD210C1EC,2E7DAC1FE9BEA7BA58C3A7294E04F2AE
SRR21374553,2022-09-02 06:59:09,2022-09-02 06:11:34,5623146,1698190092,5623146,302,544,,https://sra-downloadb.be-md.ncbi.nlm.nih.gov/sos4/sra-pub-run-30/SRR021/21374/SRR21374553/SRR21374553.1,SRX17380245,CRR_5,WGS,RANDOM,METAGENOMIC,PAIRED,0,0,ILLUMINA,Illumina NovaSeq 6000,SRP395024,PRJNA875025,,875025,SRS14939423,SAMN30613529,simple,527639,wastewater metagenome,CRR_5,,,,,,,no,,,,,"UNIVERSITY OF COLORADO, BOULDER",SRA1488268,,public,BB456960DB762FCD9EEF2D24D1E42D6C,6C982E9D1236FD2B911828D73F97F1E9
SRR21374552,2022-09-02 06:59:09,2022-09-02 06:22:01,8830740,2666883480,8830740,302,831,,https://sra-downloadb.be-md.ncbi.nlm.nih.gov/sos3/sra-pub-run-36/SRR021/21374/SRR21374552/SRR21374552.1,SRX17380246,CRR_6,WGS,RANDOM,METAGENOMIC,PAIRED,0,0,ILLUMINA,Illumina NovaSeq 6000,SRP395024,PRJNA875025,,875025,SRS14939424,SAMN30613530,simple,527639,wastewater metagenome,CRR_6,,,,,,,no,,,,,"UNIVERSITY OF COLORADO, BOULDER",SRA1488268,,public,45CFC199C0777AAED13B92F93BEEF343,42C59AFEEAC904AECA3F273BC33AEAF9
SRR21374551,2022-09-02 10:29:51,2022-09-02 08:07:33,12058020,3641522040,12058020,302,1123,,https://sra-downloadb.be-md.ncbi.nlm.nih.gov/sos3/sra-pub-run-36/SRR021/21374/SRR21374551/SRR21374551.1,SRX17380247,CRR_8,WGS,RANDOM,METAGENOMIC,PAIRED,0,0,ILLUMINA,Illumina NovaSeq 6000,SRP395024,PRJNA875025,,875025,SRS14939425,SAMN30613531,simple,527639,wastewater metagenome,CRR_8,,,,,,,no,,,,,"UNIVERSITY OF COLORADO, BOULDER",SRA1488268,,public,17957D8CEF492C2A4954D99E7C93DD0B,2EA9E0AB641DE6EC29EF0C75CD8562AB
SRR21374543,2022-09-02 06:59:09,2022-09-02 06:14:42,5750510,1736654020,5750510,302,524,,https://sra-downloadb.be-md.ncbi.nlm.nih.gov/sos3/sra-pub-run-36/SRR021/21374/SRR21374543/SRR21374543.1,SRX17380255,DAR_1,WGS,RANDOM,METAGENOMIC,PAIRED,0,0,ILLUMINA,Illumina NovaSeq 6000,SRP395024,PRJNA875025,,875025,SRS14939433,SAMN30613532,simple,527639,wastewater metagenome,DAR_1,,,,,,,no,,,,,"UNIVERSITY OF COLORADO, BOULDER",SRA1488268,,public,57344CD73E654FEBB5CCD350AFBF917A,621278615CE82C4BA452546290FA7631
SRR21374549,2022-09-02 06:59:09,2022-09-02 06:27:46,4492476,1356727752,4492476,302,424,,https://sra-downloadb.be-md.ncbi.nlm.nih.gov/sos3/sra-pub-run-36/SRR021/21374/SRR21374549/SRR21374549.1,SRX17380249,DAR_10,WGS,RANDOM,METAGENOMIC,PAIRED,0,0,ILLUMINA,Illumina NovaSeq 6000,SRP395024,PRJNA875025,,875025,SRS14939427,SAMN30613533,simple,527639,wastewater metagenome,DAR_10,,,,,,,no,,,,,"UNIVERSITY OF COLORADO, BOULDER",SRA1488268,,public,42F340C67244B889AF4300D9C0ACED25,1EEC01A08876B2C815F5EB0BDD2B1DA7
SRR21374548,2022-09-02 07:51:04,2022-09-02 06:39:23,9158137,2765757374,9158137,302,834,,https://sra-downloadb.be-md.ncbi.nlm.nih.gov/sos4/sra-pub-run-30/SRR021/21374/SRR21374548/SRR21374548.1,SRX17380250,DAR_12,WGS,RANDOM,METAGENOMIC,PAIRED,0,0,ILLUMINA,Illumina NovaSeq 6000,SRP395024,PRJNA875025,,875025,SRS14939429,SAMN30613534,simple,527639,wastewater metagenome,DAR_12,,,,,,,no,,,,,"UNIVERSITY OF COLORADO, BOULDER",SRA1488268,,public,DD7E41252EE102AFBFA4D3E5490A04A9,25DDD87E7CAF0521E1E7BAC461A32D52
SRR21374547,2022-09-02 06:59:09,2022-09-02 06:20:10,5559585,1678994670,5559585,302,527,,https://sra-downloadb.be-md.ncbi.nlm.nih.gov/sos4/sra-pub-run-30/SRR021/21374/SRR21374547/SRR21374547.1,SRX17380251,DAR_13,WGS,RANDOM,METAGENOMIC,PAIRED,0,0,ILLUMINA,Illumina NovaSeq 6000,SRP395024,PRJNA875025,,875025,SRS14939428,SAMN30613535,simple,527639,wastewater metagenome,DAR_13,,,,,,,no,,,,,"UNIVERSITY OF COLORADO, BOULDER",SRA1488268,,public,409252A39CD8EF28050C48698D084572,BC57A144659DC7B6BDB05B5E018BE2DB
SRR21374546,2022-09-02 06:59:09,2022-09-02 06:10:34,1975571,596622442,1975571,302,184,,https://sra-downloadb.be-md.ncbi.nlm.nih.gov/sos3/sra-pub-run-36/SRR021/21374/SRR21374546/SRR21374546.1,SRX17380252,DAR_15,WGS,RANDOM,METAGENOMIC,PAIRED,0,0,ILLUMINA,Illumina NovaSeq 6000,SRP395024,PRJNA875025,,875025,SRS14939430,SAMN30613536,simple,527639,wastewater metagenome,DAR_15,,,,,,,no,,,,,"UNIVERSITY OF COLORADO, BOULDER",SRA1488268,,public,DD0E50582866554DA9DAB1669A087A0F,308FFBC34243AD2586C86644DD70130D
SRR21374545,2022-09-02 09:35:07,2022-09-02 07:09:54,4632338,1398966076,4632338,302,452,,https://sra-downloadb.be-md.ncbi.nlm.nih.gov/sos4/sra-pub-run-30/SRR021/21374/SRR21374545/SRR21374545.1,SRX17380253,DAR_17,WGS,RANDOM,METAGENOMIC,PAIRED,0,0,ILLUMINA,Illumina NovaSeq 6000,SRP395024,PRJNA875025,,875025,SRS14939431,SAMN30613537,simple,527639,wastewater metagenome,DAR_17,,,,,,,no,,,,,"UNIVERSITY OF COLORADO, BOULDER",SRA1488268,,public,18A2ED7A5936A55F4DD1C29A60D8B0CF,F189D8F733C90E8DA4B91982210AC3B3
SRR21374544,2022-09-02 07:51:04,2022-09-02 06:08:08,1933858,584025116,1933858,302,182,,https://sra-downloadb.be-md.ncbi.nlm.nih.gov/sos3/sra-pub-run-36/SRR021/21374/SRR21374544/SRR21374544.1,SRX17380254,DAR_19,WGS,RANDOM,METAGENOMIC,PAIRED,0,0,ILLUMINA,Illumina NovaSeq 6000,SRP395024,PRJNA875025,,875025,SRS14939432,SAMN30613538,simple,527639,wastewater metagenome,DAR_19,,,,,,,no,,,,,"UNIVERSITY OF COLORADO, BOULDER",SRA1488268,,public,CCFBD328B764319A00995EDEA7558196,2BFF1DF3E1919C605CEFFA0237E04562
SRR21374542,2022-09-02 10:29:51,2022-09-02 09:05:20,9691794,2926921788,9691794,302,881,,https://sra-downloadb.be-md.ncbi.nlm.nih.gov/sos4/sra-pub-run-30/SRR021/21374/SRR21374542/SRR21374542.1,SRX17380256,DAR_20,WGS,RANDOM,METAGENOMIC,PAIRED,0,0,ILLUMINA,Illumina NovaSeq 6000,SRP395024,PRJNA875025,,875025,SRS14939434,SAMN30613539,simple,527639,wastewater metagenome,DAR_20,,,,,,,no,,,,,"UNIVERSITY OF COLORADO, BOULDER",SRA1488268,,public,0E82DC200A8828758D272912B7B5A630,BF34FC6F140D30BB82C7DB488A0ADDCE
SRR21374541,2022-09-02 07:51:04,2022-09-02 06:59:26,5390114,1627814428,5390114,302,498,,https://sra-downloadb.be-md.ncbi.nlm.nih.gov/sos3/sra-pub-run-36/SRR021/21374/SRR21374541/SRR21374541.1,SRX17380257,DAR_3,WGS,RANDOM,METAGENOMIC,PAIRED,0,0,ILLUMINA,Illumina NovaSeq 6000,SRP395024,PRJNA875025,,875025,SRS14939435,SAMN30613540,simple,527639,wastewater metagenome,DAR_3,,,,,,,no,,,,,"UNIVERSITY OF COLORADO, BOULDER",SRA1488268,,public,383F9E83C9A91D7E35E5AD229C673F9C,C76ACDDEA967DF6EF4F3EE5215A44BA7
SRR21374540,2022-09-02 06:59:09,2022-09-02 06:27:36,4580199,1383220098,4580199,302,428,,https://sra-downloadb.be-md.ncbi.nlm.nih.gov/sos4/sra-pub-run-30/SRR021/21374/SRR21374540/SRR21374540.1,SRX17380258,DAR_5,WGS,RANDOM,METAGENOMIC,PAIRED,0,0,ILLUMINA,Illumina NovaSeq 6000,SRP395024,PRJNA875025,,875025,SRS14939436,SAMN30613541,simple,527639,wastewater metagenome,DAR_5,,,,,,,no,,,,,"UNIVERSITY OF COLORADO, BOULDER",SRA1488268,,public,B92EB3FB070FAA9772B7E57FB95F6FE1,72FE7D60C1C51C9D4E8AFC4B2673733F
SRR21374538,2022-09-02 09:35:07,2022-09-02 08:07:16,5956655,1798909810,5956655,302,555,,https://sra-downloadb.be-md.ncbi.nlm.nih.gov/sos4/sra-pub-run-30/SRR021/21374/SRR21374538/SRR21374538.1,SRX17380260,DAR_6,WGS,RANDOM,METAGENOMIC,PAIRED,0,0,ILLUMINA,Illumina NovaSeq 6000,SRP395024,PRJNA875025,,875025,SRS14939438,SAMN30613542,simple,527639,wastewater metagenome,DAR_6,,,,,,,no,,,,,"UNIVERSITY OF COLORADO, BOULDER",SRA1488268,,public,A3351CB9F121A39B5175C62CDAF90846,8EEAAFF16F0156F0D5CA1F1379163E12
SRR21374537,2022-09-02 06:59:09,2022-09-02 06:16:48,6215541,1877093382,6215541,302,575,,https://sra-downloadb.be-md.ncbi.nlm.nih.gov/sos3/sra-pub-run-36/SRR021/21374/SRR21374537/SRR21374537.1,SRX17380261,DAR_8,WGS,RANDOM,METAGENOMIC,PAIRED,0,0,ILLUMINA,Illumina NovaSeq 6000,SRP395024,PRJNA875025,,875025,SRS14939439,SAMN30613543,simple,527639,wastewater metagenome,DAR_8,,,,,,,no,,,,,"UNIVERSITY OF COLORADO, BOULDER",SRA1488268,,public,0F8E1B58580BA44CA3FE2808F4664538,D9BE6FCEFA17A8FB714E1B36C8D5D557
SRR21374458,2022-09-02 06:59:10,2022-09-02 06:12:29,6418840,1938489680,6418840,302,582,,https://sra-downloadb.be-md.ncbi.nlm.nih.gov/sos3/sra-pub-run-36/SRR021/21374/SRR21374458/SRR21374458.1,SRX17380340,FAR_1,WGS,RANDOM,METAGENOMIC,PAIRED,0,0,ILLUMINA,Illumina NovaSeq 6000,SRP395024,PRJNA875025,,875025,SRS14939518,SAMN30613544,simple,527639,wastewater metagenome,FAR_1,,,,,,,no,,,,,"UNIVERSITY OF COLORADO, BOULDER",SRA1488268,,public,212C1C41B057E23641AB8FA6E8320A9E,35A8C16D55547C498C61169C97B066A1
SRR21374536,2022-09-02 07:51:04,2022-09-02 06:14:16,5665458,1710968316,5665458,302,516,,https://sra-downloadb.be-md.ncbi.nlm.nih.gov/sos4/sra-pub-run-30/SRR021/21374/SRR21374536/SRR21374536.1,SRX17380262,FAR_10,WGS,RANDOM,METAGENOMIC,PAIRED,0,0,ILLUMINA,Illumina NovaSeq 6000,SRP395024,PRJNA875025,,875025,SRS14939440,SAMN30613545,simple,527639,wastewater metagenome,FAR_10,,,,,,,no,,,,,"UNIVERSITY OF COLORADO, BOULDER",SRA1488268,,public,F66D0B6B03B75167C85627BC3AC1F869,755CC8F679014B7B77CB234DFFABBFBD
SRR21374535,2022-09-02 06:59:09,2022-09-02 06:21:25,5438592,1642454784,5438592,302,500,,https://sra-downloadb.be-md.ncbi.nlm.nih.gov/sos3/sra-pub-run-36/SRR021/21374/SRR21374535/SRR21374535.1,SRX17380263,FAR_12,WGS,RANDOM,METAGENOMIC,PAIRED,0,0,ILLUMINA,Illumina NovaSeq 6000,SRP395024,PRJNA875025,,875025,SRS14939442,SAMN30613546,simple,527639,wastewater metagenome,FAR_12,,,,,,,no,,,,,"UNIVERSITY OF COLORADO, BOULDER",SRA1488268,,public,818CE0DD2A223F5BD6F84EC11F5D9188,45E4FAD9F799DD7F5AD6CC72ED5C2C63
SRR21374462,2022-09-02 06:59:10,2022-09-02 06:10:34,5563161,1680074622,5563161,302,527,,https://sra-downloadb.be-md.ncbi.nlm.nih.gov/sos3/sra-pub-run-36/SRR021/21374/SRR21374462/SRR21374462.1,SRX17380336,FAR_13,WGS,RANDOM,METAGENOMIC,PAIRED,0,0,ILLUMINA,Illumina NovaSeq 6000,SRP395024,PRJNA875025,,875025,SRS14939514,SAMN30613547,simple,527639,wastewater metagenome,FAR_13,,,,,,,no,,,,,"UNIVERSITY OF COLORADO, BOULDER",SRA1488268,,public,38301B01AD3543AF82E10AA53E813F79,06F5B3CF16EA82EFBAA80082ACC07266
SRR21374461,2022-09-02 06:59:10,2022-09-02 06:17:44,10133763,3060396426,10133763,302,913,,https://sra-downloadb.be-md.ncbi.nlm.nih.gov/sos3/sra-pub-run-36/SRR021/21374/SRR21374461/SRR21374461.1,SRX17380337,FAR_15,WGS,RANDOM,METAGENOMIC,PAIRED,0,0,ILLUMINA,Illumina NovaSeq 6000,SRP395024,PRJNA875025,,875025,SRS14939515,SAMN30613548,simple,527639,wastewater metagenome,FAR_15,,,,,,,no,,,,,"UNIVERSITY OF COLORADO, BOULDER",SRA1488268,,public,982A8A1E55B1D52BA4C0DD1E855E1248,4CA0BEC2030C99128F67944B0B93BA4D
SRR21374460,2022-09-02 07:51:04,2022-09-02 06:48:21,6970225,2105007950,6970225,302,692,,https://sra-downloadb.be-md.ncbi.nlm.nih.gov/sos3/sra-pub-run-36/SRR021/21374/SRR21374460/SRR21374460.1,SRX17380338,FAR_17,WGS,RANDOM,METAGENOMIC,PAIRED,0,0,ILLUMINA,Illumina NovaSeq 6000,SRP395024,PRJNA875025,,875025,SRS14939516,SAMN30613549,simple,527639,wastewater metagenome,FAR_17,,,,,,,no,,,,,"UNIVERSITY OF COLORADO, BOULDER",SRA1488268,,public,6EA07ED4F87400B98634860CD7920861,03F8763AD188D137BE398FD478EE3861
SRR21374459,2022-09-02 06:59:10,2022-09-02 05:58:37,5452417,1646629934,5452417,302,529,,https://sra-downloadb.be-md.ncbi.nlm.nih.gov/sos3/sra-pub-run-36/SRR021/21374/SRR21374459/SRR21374459.1,SRX17380339,FAR_19,WGS,RANDOM,METAGENOMIC,PAIRED,0,0,ILLUMINA,Illumina NovaSeq 6000,SRP395024,PRJNA875025,,875025,SRS14939517,SAMN30613550,simple,527639,wastewater metagenome,FAR_19,,,,,,,no,,,,,"UNIVERSITY OF COLORADO, BOULDER",SRA1488268,,public,046238773C20E45C833390A6F8A51A82,F17A603C8F3D9AB95429B259C471348B
SRR21374457,2022-09-02 10:29:51,2022-09-02 09:06:49,9794140,2957830280,9794140,302,885,,https://sra-downloadb.be-md.ncbi.nlm.nih.gov/sos4/sra-pub-run-30/SRR021/21374/SRR21374457/SRR21374457.1,SRX17380341,FAR_20,WGS,RANDOM,METAGENOMIC,PAIRED,0,0,ILLUMINA,Illumina NovaSeq 6000,SRP395024,PRJNA875025,,875025,SRS14939519,SAMN30613551,simple,527639,wastewater metagenome,FAR_20,,,,,,,no,,,,,"UNIVERSITY OF COLORADO, BOULDER",SRA1488268,,public,77737BA6AB124E31470BEF5C6A028F00,A17A48EEEA7952A85843922C68A89C5C
SRR21374455,2022-09-02 06:59:10,2022-09-02 06:13:12,10014138,3024269676,10014138,302,901,,https://sra-downloadb.be-md.ncbi.nlm.nih.gov/sos3/sra-pub-run-36/SRR021/21374/SRR21374455/SRR21374455.1,SRX17380343,FAR_3,WGS,RANDOM,METAGENOMIC,PAIRED,0,0,ILLUMINA,Illumina NovaSeq 6000,SRP395024,PRJNA875025,,875025,SRS14939521,SAMN30613552,simple,527639,wastewater metagenome,FAR_3,,,,,,,no,,,,,"UNIVERSITY OF COLORADO, BOULDER",SRA1488268,,public,981827A16CC3038550AA2BDFD3CBF59D,CD2695BC43F7873B7AF809F16829DC7D
SRR21374454,2022-09-02 06:59:10,2022-09-02 06:22:22,6658763,2010946426,6658763,302,607,,https://sra-downloadb.be-md.ncbi.nlm.nih.gov/sos4/sra-pub-run-30/SRR021/21374/SRR21374454/SRR21374454.1,SRX17380344,FAR_5,WGS,RANDOM,METAGENOMIC,PAIRED,0,0,ILLUMINA,Illumina NovaSeq 6000,SRP395024,PRJNA875025,,875025,SRS14939522,SAMN30613553,simple,527639,wastewater metagenome,FAR_5,,,,,,,no,,,,,"UNIVERSITY OF COLORADO, BOULDER",SRA1488268,,public,CAFBA61D2F955D07BE8BC42C81BC9C2F,3012D6A37252F7C842D89E19B8DA0629
SRR21374453,2022-09-02 06:59:10,2022-09-02 05:56:34,5422779,1637679258,5422779,302,508,,https://sra-downloadb.be-md.ncbi.nlm.nih.gov/sos3/sra-pub-run-36/SRR021/21374/SRR21374453/SRR21374453.1,SRX17380345,FAR_6,WGS,RANDOM,METAGENOMIC,PAIRED,0,0,ILLUMINA,Illumina NovaSeq 6000,SRP395024,PRJNA875025,,875025,SRS14939523,SAMN30613554,simple,527639,wastewater metagenome,FAR_6,,,,,,,no,,,,,"UNIVERSITY OF COLORADO, BOULDER",SRA1488268,,public,90BFA36A813000E5E6DE3D0758964DD7,FFFA84E3130AE04AB0194CC8410D036F
SRR21374452,2022-09-02 06:59:10,2022-09-02 06:20:23,6111742,1845746084,6111742,302,574,,https://sra-downloadb.be-md.ncbi.nlm.nih.gov/sos4/sra-pub-run-30/SRR021/21374/SRR21374452/SRR21374452.1,SRX17380346,FAR_8,WGS,RANDOM,METAGENOMIC,PAIRED,0,0,ILLUMINA,Illumina NovaSeq 6000,SRP395024,PRJNA875025,,875025,SRS14939524,SAMN30613555,simple,527639,wastewater metagenome,FAR_8,,,,,,,no,,,,,"UNIVERSITY OF COLORADO, BOULDER",SRA1488268,,public,00F3FC4110D8D8AA30A2A53A173980FE,959F3F182C23A92F5FDBD30F51C824BD
SRR21374451,2022-09-02 06:59:10,2022-09-02 06:00:50,6171405,1863764310,6171405,302,569,,https://sra-downloadb.be-md.ncbi.nlm.nih.gov/sos4/sra-pub-run-30/SRR021/21374/SRR21374451/SRR21374451.1,SRX17380347,HAL_10,WGS,RANDOM,METAGENOMIC,PAIRED,0,0,ILLUMINA,Illumina NovaSeq 6000,SRP395024,PRJNA875025,,875025,SRS14939525,SAMN30613556,simple,527639,wastewater metagenome,HAL_10,,,,,,,no,,,,,"UNIVERSITY OF COLORADO, BOULDER",SRA1488268,,public,273B2A07EB0EFE381C5CE8A081E9FC1F,42D9C2D329A335594C930B0B4EB234F8
SRR21374450,2022-09-02 06:59:10,2022-09-02 06:11:52,5578758,1684784916,5578758,302,513,,https://sra-downloadb.be-md.ncbi.nlm.nih.gov/sos4/sra-pub-run-30/SRR021/21374/SRR21374450/SRR21374450.1,SRX17380348,HAL_12,WGS,RANDOM,METAGENOMIC,PAIRED,0,0,ILLUMINA,Illumina NovaSeq 6000,SRP395024,PRJNA875025,,875025,SRS14939526,SAMN30613557,simple,527639,wastewater metagenome,HAL_12,,,,,,,no,,,,,"UNIVERSITY OF COLORADO, BOULDER",SRA1488268,,public,F43117F30265E755E23345545C72D30A,719B96AAE13E34772286F11E1E4576D5
SRR21374449,2022-09-02 06:59:10,2022-09-02 06:29:40,4775711,1442264722,4775711,302,453,,https://sra-downloadb.be-md.ncbi.nlm.nih.gov/sos4/sra-pub-run-30/SRR021/21374/SRR21374449/SRR21374449.1,SRX17380349,HAL_13,WGS,RANDOM,METAGENOMIC,PAIRED,0,0,ILLUMINA,Illumina NovaSeq 6000,SRP395024,PRJNA875025,,875025,SRS14939527,SAMN30613558,simple,527639,wastewater metagenome,HAL_13,,,,,,,no,,,,,"UNIVERSITY OF COLORADO, BOULDER",SRA1488268,,public,D6341AD386501B4661B054619B31EDD2,A523967614C09E4A9E5B600EC92F4839
SRR21374448,2022-09-02 06:59:10,2022-09-02 05:55:23,2753702,831618004,2753702,302,269,,https://sra-downloadb.be-md.ncbi.nlm.nih.gov/sos3/sra-pub-run-36/SRR021/21374/SRR21374448/SRR21374448.1,SRX17380350,HAL_15,WGS,RANDOM,METAGENOMIC,PAIRED,0,0,ILLUMINA,Illumina NovaSeq 6000,SRP395024,PRJNA875025,,875025,SRS14939528,SAMN30613559,simple,527639,wastewater metagenome,HAL_15,,,,,,,no,,,,,"UNIVERSITY OF COLORADO, BOULDER",SRA1488268,,public,314E0EBDFC3F9AD9D505A927AE6C720F,5322980D6BFC64E3C474C61639F7AB6B
SRR21374447,2022-09-02 07:51:04,2022-09-02 06:07:46,5132252,1549940104,5132252,302,487,,https://sra-downloadb.be-md.ncbi.nlm.nih.gov/sos3/sra-pub-run-36/SRR021/21374/SRR21374447/SRR21374447.1,SRX17380351,HAL_17,WGS,RANDOM,METAGENOMIC,PAIRED,0,0,ILLUMINA,Illumina NovaSeq 6000,SRP395024,PRJNA875025,,875025,SRS14939529,SAMN30613560,simple,527639,wastewater metagenome,HAL_17,,,,,,,no,,,,,"UNIVERSITY OF COLORADO, BOULDER",SRA1488268,,public,41B6D3BB81CB4AF5D6B9D78365F304C7,0FBBE3E4D92DD829E84D218C83F81762
SRR21374446,2022-09-02 06:59:10,2022-09-02 06:30:03,5237383,1581689666,5237383,302,513,,https://sra-downloadb.be-md.ncbi.nlm.nih.gov/sos4/sra-pub-run-30/SRR021/21374/SRR21374446/SRR21374446.1,SRX17380352,HAL_20,WGS,RANDOM,METAGENOMIC,PAIRED,0,0,ILLUMINA,Illumina NovaSeq 6000,SRP395024,PRJNA875025,,875025,SRS14939530,SAMN30613561,simple,527639,wastewater metagenome,HAL_20,,,,,,,no,,,,,"UNIVERSITY OF COLORADO, BOULDER",SRA1488268,,public,A4BA132860ABCE5E76A4F40B2DC538B0,7556E5EE5911BADE99B4E09D99C1E8FA
SRR21374606,2022-09-02 07:51:04,2022-09-02 06:50:19,5570607,1682323314,5570607,302,514,,https://sra-downloadb.be-md.ncbi.nlm.nih.gov/sos3/sra-pub-run-36/SRR021/21374/SRR21374606/SRR21374606.1,SRX17380192,KWC_10,WGS,RANDOM,METAGENOMIC,PAIRED,0,0,ILLUMINA,Illumina NovaSeq 6000,SRP395024,PRJNA875025,,875025,SRS14939370,SAMN30613562,simple,527639,wastewater metagenome,KWC_10,,,,,,,no,,,,,"UNIVERSITY OF COLORADO, BOULDER",SRA1488268,,public,D922A75A52B30BB4E449EA64F4698F9B,237ABAAD38FF4A7757B19FF2034FC41A
SRR21374605,2022-09-02 07:51:04,2022-09-02 07:14:38,5679690,1715266380,5679690,302,548,,https://sra-downloadb.be-md.ncbi.nlm.nih.gov/sos3/sra-pub-run-36/SRR021/21374/SRR21374605/SRR21374605.1,SRX17380193,KWC_12,WGS,RANDOM,METAGENOMIC,PAIRED,0,0,ILLUMINA,Illumina NovaSeq 6000,SRP395024,PRJNA875025,,875025,SRS14939371,SAMN30613563,simple,527639,wastewater metagenome,KWC_12,,,,,,,no,,,,,"UNIVERSITY OF COLORADO, BOULDER",SRA1488268,,public,A918BCC6B3ED064529F5400848D4E099,ED788A64234B0EC353C63C44EE09CD8A
SRR21374604,2022-09-02 07:51:04,2022-09-02 06:59:31,2941369,888293438,2941369,302,275,,https://sra-downloadb.be-md.ncbi.nlm.nih.gov/sos3/sra-pub-run-36/SRR021/21374/SRR21374604/SRR21374604.1,SRX17380194,KWC_13,WGS,RANDOM,METAGENOMIC,PAIRED,0,0,ILLUMINA,Illumina NovaSeq 6000,SRP395024,PRJNA875025,,875025,SRS14939372,SAMN30613564,simple,527639,wastewater metagenome,KWC_13,,,,,,,no,,,,,"UNIVERSITY OF COLORADO, BOULDER",SRA1488268,,public,84502442546691CD517C5B63A7834A0B,D52A8411A6E48C2ADC862D3DEEF88BB2
SRR21374603,2022-09-02 07:51:04,2022-09-02 06:41:30,3235377,977083854,3235377,302,301,,https://sra-downloadb.be-md.ncbi.nlm.nih.gov/sos4/sra-pub-run-30/SRR021/21374/SRR21374603/SRR21374603.1,SRX17380195,KWC_15,WGS,RANDOM,METAGENOMIC,PAIRED,0,0,ILLUMINA,Illumina NovaSeq 6000,SRP395024,PRJNA875025,,875025,SRS14939373,SAMN30613565,simple,527639,wastewater metagenome,KWC_15,,,,,,,no,,,,,"UNIVERSITY OF COLORADO, BOULDER",SRA1488268,,public,D35B0328D9C349B7892BF43375213D2A,8842D0AEBBDE9214344652AC41D5CD97
SRR21374602,2022-09-02 07:51:04,2022-09-02 06:38:38,6372485,1924490470,6372485,302,596,,https://sra-downloadb.be-md.ncbi.nlm.nih.gov/sos4/sra-pub-run-30/SRR021/21374/SRR21374602/SRR21374602.1,SRX17380196,KWC_17,WGS,RANDOM,METAGENOMIC,PAIRED,0,0,ILLUMINA,Illumina NovaSeq 6000,SRP395024,PRJNA875025,,875025,SRS14939374,SAMN30613566,simple,527639,wastewater metagenome,KWC_17,,,,,,,no,,,,,"UNIVERSITY OF COLORADO, BOULDER",SRA1488268,,public,45CCD011594DD371B216F8B72643507B,8B00D1B6F754B883D031AA049D3DC4FE
SRR21374601,2022-09-02 07:51:04,2022-09-02 06:43:26,2707674,817717548,2707674,302,257,,https://sra-downloadb.be-md.ncbi.nlm.nih.gov/sos3/sra-pub-run-36/SRR021/21374/SRR21374601/SRR21374601.1,SRX17380197,KWC_19,WGS,RANDOM,METAGENOMIC,PAIRED,0,0,ILLUMINA,Illumina NovaSeq 6000,SRP395024,PRJNA875025,,875025,SRS14939375,SAMN30613567,simple,527639,wastewater metagenome,KWC_19,,,,,,,no,,,,,"UNIVERSITY OF COLORADO, BOULDER",SRA1488268,,public,622BDC5B154C87AEF8F9A55E961A6B01,ECA09A5DA2B574CEEF119759CB84E19A
SRR21374600,2022-09-02 07:51:04,2022-09-02 07:18:53,3875340,1170352680,3875340,302,377,,https://sra-downloadb.be-md.ncbi.nlm.nih.gov/sos3/sra-pub-run-36/SRR021/21374/SRR21374600/SRR21374600.1,SRX17380198,KWC_20,WGS,RANDOM,METAGENOMIC,PAIRED,0,0,ILLUMINA,Illumina NovaSeq 6000,SRP395024,PRJNA875025,,875025,SRS14939376,SAMN30613568,simple,527639,wastewater metagenome,KWC_20,,,,,,,no,,,,,"UNIVERSITY OF COLORADO, BOULDER",SRA1488268,,public,8C66EC0FA4F4E8B541256A0DFF824604,D416A02344836677A1EF9DFD0FC41314
SRR21374599,2022-09-02 08:08:43,2022-09-02 07:03:35,6660425,2011448350,6660425,302,617,,https://sra-downloadb.be-md.ncbi.nlm.nih.gov/sos4/sra-pub-run-30/SRR021/21374/SRR21374599/SRR21374599.1,SRX17380199,KWC_5,WGS,RANDOM,METAGENOMIC,PAIRED,0,0,ILLUMINA,Illumina NovaSeq 6000,SRP395024,PRJNA875025,,875025,SRS14939377,SAMN30613569,simple,527639,wastewater metagenome,KWC_5,,,,,,,no,,,,,"UNIVERSITY OF COLORADO, BOULDER",SRA1488268,,public,397323F495CC4D3E8733D4FE279C4343,5A70F63C578EC9DF274A8526384EC468
SRR21374598,2022-09-02 07:51:04,2022-09-02 06:43:24,6288537,1899138174,6288537,302,603,,https://sra-downloadb.be-md.ncbi.nlm.nih.gov/sos4/sra-pub-run-30/SRR021/21374/SRR21374598/SRR21374598.1,SRX17380200,KWC_6,WGS,RANDOM,METAGENOMIC,PAIRED,0,0,ILLUMINA,Illumina NovaSeq 6000,SRP395024,PRJNA875025,,875025,SRS14939378,SAMN30613570,simple,527639,wastewater metagenome,KWC_6,,,,,,,no,,,,,"UNIVERSITY OF COLORADO, BOULDER",SRA1488268,,public,EBB06EA0528FBA85EA6480E416CF8DF4,0FA7242389D0140BE7268D8424D2BD7F
SRR21374597,2022-09-02 08:43:21,2022-09-02 08:06:47,5114135,1544468770,5114135,302,479,,https://sra-downloadb.be-md.ncbi.nlm.nih.gov/sos4/sra-pub-run-30/SRR021/21374/SRR21374597/SRR21374597.1,SRX17380201,KWC_8,WGS,RANDOM,METAGENOMIC,PAIRED,0,0,ILLUMINA,Illumina NovaSeq 6000,SRP395024,PRJNA875025,,875025,SRS14939379,SAMN30613571,simple,527639,wastewater metagenome,KWC_8,,,,,,,no,,,,,"UNIVERSITY OF COLORADO, BOULDER",SRA1488268,,public,288CAA847B67D92B3AD5D91927D0D48F,1938E1D68A2EC83E8C0A400BA1A8658C
SRR21374589,2022-09-02 06:59:09,2022-09-02 06:32:13,4124948,1245734296,4124948,302,384,,https://sra-downloadb.be-md.ncbi.nlm.nih.gov/sos4/sra-pub-run-30/SRR021/21374/SRR21374589/SRR21374589.1,SRX17380209,LAC_1,WGS,RANDOM,METAGENOMIC,PAIRED,0,0,ILLUMINA,Illumina NovaSeq 6000,SRP395024,PRJNA875025,,875025,SRS14939387,SAMN30613572,simple,527639,wastewater metagenome,LAC_1,,,,,,,no,,,,,"UNIVERSITY OF COLORADO, BOULDER",SRA1488268,,public,C5550B2E20820D5036223F2A1BA13ADF,0A49A2DFDFE3F16B86FC45CB665983E2
SRR21374595,2022-09-02 06:59:09,2022-09-02 06:32:36,5387017,1626879134,5387017,302,493,,https://sra-downloadb.be-md.ncbi.nlm.nih.gov/sos4/sra-pub-run-30/SRR021/21374/SRR21374595/SRR21374595.1,SRX17380203,LAC_10,WGS,RANDOM,METAGENOMIC,PAIRED,0,0,ILLUMINA,Illumina NovaSeq 6000,SRP395024,PRJNA875025,,875025,SRS14939381,SAMN30613573,simple,527639,wastewater metagenome,LAC_10,,,,,,,no,,,,,"UNIVERSITY OF COLORADO, BOULDER",SRA1488268,,public,EBB2FAEB0FBF5FA632C507D933AC80BB,5DB4E891EB5751E55ACA246D7EE08522
SRR21374594,2022-09-02 07:51:04,2022-09-02 06:44:40,6340957,1914969014,6340957,302,592,,https://sra-downloadb.be-md.ncbi.nlm.nih.gov/sos4/sra-pub-run-30/SRR021/21374/SRR21374594/SRR21374594.1,SRX17380204,LAC_12,WGS,RANDOM,METAGENOMIC,PAIRED,0,0,ILLUMINA,Illumina NovaSeq 6000,SRP395024,PRJNA875025,,875025,SRS14939382,SAMN30613574,simple,527639,wastewater metagenome,LAC_12,,,,,,,no,,,,,"UNIVERSITY OF COLORADO, BOULDER",SRA1488268,,public,DB92CAAF409ED16C647F2BA3B780EC90,2A473BB4BF49C430B8BE115A3922643A
SRR21374593,2022-09-02 07:51:04,2022-09-02 06:51:39,4624655,1396645810,4624655,302,428,,https://sra-downloadb.be-md.ncbi.nlm.nih.gov/sos3/sra-pub-run-36/SRR021/21374/SRR21374593/SRR21374593.1,SRX17380205,LAC_13,WGS,RANDOM,METAGENOMIC,PAIRED,0,0,ILLUMINA,Illumina NovaSeq 6000,SRP395024,PRJNA875025,,875025,SRS14939383,SAMN30613575,simple,527639,wastewater metagenome,LAC_13,,,,,,,no,,,,,"UNIVERSITY OF COLORADO, BOULDER",SRA1488268,,public,6CDAD698856E000F316A7BC91C9F9D71,A53DF680506931F2872F38E0124F1DF1
SRR21374592,2022-09-02 06:59:09,2022-09-02 06:17:04,2548874,769759948,2548874,302,239,,https://sra-downloadb.be-md.ncbi.nlm.nih.gov/sos4/sra-pub-run-30/SRR021/21374/SRR21374592/SRR21374592.1,SRX17380206,LAC_15,WGS,RANDOM,METAGENOMIC,PAIRED,0,0,ILLUMINA,Illumina NovaSeq 6000,SRP395024,PRJNA875025,,875025,SRS14939384,SAMN30613576,simple,527639,wastewater metagenome,LAC_15,,,,,,,no,,,,,"UNIVERSITY OF COLORADO, BOULDER",SRA1488268,,public,865A835F63B518C32E90892B39565561,74C6C22A009169E46AF7DC8593A082C3
SRR21374591,2022-09-02 06:59:09,2022-09-02 06:23:45,3695849,1116146398,3695849,302,358,,https://sra-downloadb.be-md.ncbi.nlm.nih.gov/sos3/sra-pub-run-36/SRR021/21374/SRR21374591/SRR21374591.1,SRX17380207,LAC_17,WGS,RANDOM,METAGENOMIC,PAIRED,0,0,ILLUMINA,Illumina NovaSeq 6000,SRP395024,PRJNA875025,,875025,SRS14939385,SAMN30613577,simple,527639,wastewater metagenome,LAC_17,,,,,,,no,,,,,"UNIVERSITY OF COLORADO, BOULDER",SRA1488268,,public,EE1027E5C87A93BE01F2C73A59288ACD,86A0175E9AF8B7960602BDE9FBDC5FBF
SRR21374590,2022-09-01 07:44:15,2022-09-01 07:42:39,6705083,2024935066,6705083,302,615,,https://sra-download.ncbi.nlm.nih.gov/traces/sra10/SRR/020873/SRR21374590,SRX17380208,LAC_19,WGS,RANDOM,METAGENOMIC,PAIRED,0,0,ILLUMINA,Illumina NovaSeq 6000,SRP395024,PRJNA875025,,875025,SRS14939386,SAMN30613578,simple,527639,wastewater metagenome,LAC_19,,,,,,,no,,,,,"UNIVERSITY OF COLORADO, BOULDER",SRA1488268,,public,23C88D8E9DAD26883D7C2D703A57E2B1,7ACCE9685844FB3EBB17B74A77F6BA83
SRR21374588,2022-09-02 06:59:09,2022-09-02 06:29:35,4764518,1438884436,4764518,302,448,,https://sra-downloadb.be-md.ncbi.nlm.nih.gov/sos4/sra-pub-run-30/SRR021/21374/SRR21374588/SRR21374588.1,SRX17380210,LAC_20,WGS,RANDOM,METAGENOMIC,PAIRED,0,0,ILLUMINA,Illumina NovaSeq 6000,SRP395024,PRJNA875025,,875025,SRS14939388,SAMN30613579,simple,527639,wastewater metagenome,LAC_20,,,,,,,no,,,,,"UNIVERSITY OF COLORADO, BOULDER",SRA1488268,,public,67C34F0E3B7A5197B5FA9D97F25A4827,09A411D85C55454D39C9D463A373610D
SRR21374587,2022-09-02 07:51:04,2022-09-02 06:51:26,6208441,1874949182,6208441,302,577,,https://sra-downloadb.be-md.ncbi.nlm.nih.gov/sos4/sra-pub-run-30/SRR021/21374/SRR21374587/SRR21374587.1,SRX17380211,LAC_3,WGS,RANDOM,METAGENOMIC,PAIRED,0,0,ILLUMINA,Illumina NovaSeq 6000,SRP395024,PRJNA875025,,875025,SRS14939389,SAMN30613580,simple,527639,wastewater metagenome,LAC_3,,,,,,,no,,,,,"UNIVERSITY OF COLORADO, BOULDER",SRA1488268,,public,281BAFDEFD11E1D5895457DE1313BE93,DE9BBB2AE25F560B785BF63869E75B8F
SRR21374586,2022-09-02 06:59:09,2022-09-02 06:23:17,5307620,1602901240,5307620,302,509,,https://sra-downloadb.be-md.ncbi.nlm.nih.gov/sos3/sra-pub-run-36/SRR021/21374/SRR21374586/SRR21374586.1,SRX17380212,LAC_5,WGS,RANDOM,METAGENOMIC,PAIRED,0,0,ILLUMINA,Illumina NovaSeq 6000,SRP395024,PRJNA875025,,875025,SRS14939390,SAMN30613581,simple,527639,wastewater metagenome,LAC_5,,,,,,,no,,,,,"UNIVERSITY OF COLORADO, BOULDER",SRA1488268,,public,7152F914B2A6C2872347B40E81D3CF18,669CC27B6D71D0B90632CE9353B685AB
SRR21374584,2022-09-02 07:51:04,2022-09-02 06:53:36,7274228,2196816856,7274228,302,664,,https://sra-downloadb.be-md.ncbi.nlm.nih.gov/sos3/sra-pub-run-36/SRR021/21374/SRR21374584/SRR21374584.1,SRX17380214,LAC_6,WGS,RANDOM,METAGENOMIC,PAIRED,0,0,ILLUMINA,Illumina NovaSeq 6000,SRP395024,PRJNA875025,,875025,SRS14939392,SAMN30613582,simple,527639,wastewater metagenome,LAC_6,,,,,,,no,,,,,"UNIVERSITY OF COLORADO, BOULDER",SRA1488268,,public,0B5F350C805C5FD8B84FCE7AF9041B3A,EF04C9171273F142AB02D8C30D7EFB11
SRR21374583,2022-09-02 06:59:09,2022-09-02 06:31:39,4909890,1482786780,4909890,302,468,,https://sra-downloadb.be-md.ncbi.nlm.nih.gov/sos3/sra-pub-run-36/SRR021/21374/SRR21374583/SRR21374583.1,SRX17380215,LAC_8,WGS,RANDOM,METAGENOMIC,PAIRED,0,0,ILLUMINA,Illumina NovaSeq 6000,SRP395024,PRJNA875025,,875025,SRS14939393,SAMN30613583,simple,527639,wastewater metagenome,LAC_8,,,,,,,no,,,,,"UNIVERSITY OF COLORADO, BOULDER",SRA1488268,,public,9AC5BA238CAAE21051776B8135FCDEF2,FD8BF724AE9EF7EE0EF7918C66FEE151
SRR21374624,2022-09-02 06:59:09,2022-09-02 06:17:47,1958105,591347710,1958105,302,182,,https://sra-downloadb.be-md.ncbi.nlm.nih.gov/sos4/sra-pub-run-30/SRR021/21374/SRR21374624/SRR21374624.1,SRX17380174,LIB_1,WGS,RANDOM,METAGENOMIC,PAIRED,0,0,ILLUMINA,Illumina NovaSeq 6000,SRP395024,PRJNA875025,,875025,SRS14939351,SAMN30613584,simple,527639,wastewater metagenome,LIB_1,,,,,,,no,,,,,"UNIVERSITY OF COLORADO, BOULDER",SRA1488268,,public,8E99A4049EABF11FF4A378A0E27A14EC,1BD82AF57C220A63C2671362455FFF86
SRR21374630,2022-09-01 05:36:02,2022-09-01 05:31:12,5350854,1615957908,5350854,302,493,,https://sra-download.ncbi.nlm.nih.gov/traces/era4/SRR/020873/SRR21374630,SRX17380168,LIB_10,WGS,RANDOM,METAGENOMIC,PAIRED,0,0,ILLUMINA,Illumina NovaSeq 6000,SRP395024,PRJNA875025,,875025,SRS14939345,SAMN30613585,simple,527639,wastewater metagenome,LIB_10,,,,,,,no,,,,,"UNIVERSITY OF COLORADO, BOULDER",SRA1488268,,public,A3058998F1B47677AED70DE407BB2DDB,C7A7ADF480A853F4541DC05BAA73BF16
SRR21374629,2022-09-02 22:13:08,2022-09-02 20:27:34,5650834,1706551868,5650834,302,535,,https://sra-downloadb.be-md.ncbi.nlm.nih.gov/sos4/sra-pub-run-30/SRR021/21374/SRR21374629/SRR21374629.1,SRX17380169,LIB_12,WGS,RANDOM,METAGENOMIC,PAIRED,0,0,ILLUMINA,Illumina NovaSeq 6000,SRP395024,PRJNA875025,,875025,SRS14939347,SAMN30613586,simple,527639,wastewater metagenome,LIB_12,,,,,,,no,,,,,"UNIVERSITY OF COLORADO, BOULDER",SRA1488268,,public,622D8A1A1779707C9C674E7B15F0712F,D72A71DFF642D9E2AA88BE05D50873B1
SRR21374628,2022-09-02 07:51:04,2022-09-02 06:42:00,5169733,1561259366,5169733,302,480,,https://sra-downloadb.be-md.ncbi.nlm.nih.gov/sos3/sra-pub-run-36/SRR021/21374/SRR21374628/SRR21374628.1,SRX17380170,LIB_13,WGS,RANDOM,METAGENOMIC,PAIRED,0,0,ILLUMINA,Illumina NovaSeq 6000,SRP395024,PRJNA875025,,875025,SRS14939352,SAMN30613587,simple,527639,wastewater metagenome,LIB_13,,,,,,,no,,,,,"UNIVERSITY OF COLORADO, BOULDER",SRA1488268,,public,5E5150E091A294084EC98BE6E618A1F8,9D9D303D0C9E035ACBB95CED6FB2247A
SRR21374627,2022-09-02 07:51:04,2022-09-02 06:39:24,3373146,1018690092,3373146,302,318,,https://sra-downloadb.be-md.ncbi.nlm.nih.gov/sos3/sra-pub-run-36/SRR021/21374/SRR21374627/SRR21374627.1,SRX17380171,LIB_15,WGS,RANDOM,METAGENOMIC,PAIRED,0,0,ILLUMINA,Illumina NovaSeq 6000,SRP395024,PRJNA875025,,875025,SRS14939348,SAMN30613588,simple,527639,wastewater metagenome,LIB_15,,,,,,,no,,,,,"UNIVERSITY OF COLORADO, BOULDER",SRA1488268,,public,1EA037D43957C829D273137D9B967099,DEB6168F1A9B81107E523570A5656B05
SRR21374626,2022-09-02 07:51:04,2022-09-02 06:38:18,3588190,1083633380,3588190,302,338,,https://sra-downloadb.be-md.ncbi.nlm.nih.gov/sos4/sra-pub-run-30/SRR021/21374/SRR21374626/SRR21374626.1,SRX17380172,LIB_17,WGS,RANDOM,METAGENOMIC,PAIRED,0,0,ILLUMINA,Illumina NovaSeq 6000,SRP395024,PRJNA875025,,875025,SRS14939349,SAMN30613589,simple,527639,wastewater metagenome,LIB_17,,,,,,,no,,,,,"UNIVERSITY OF COLORADO, BOULDER",SRA1488268,,public,45843CA3FD27BA70FC107CCEA2B81B5B,F4DA51B4658881A9CB6AC41026A6E730
SRR21374625,2022-09-02 06:59:09,2022-09-02 06:34:35,5112349,1543929398,5112349,302,524,,https://sra-downloadb.be-md.ncbi.nlm.nih.gov/sos3/sra-pub-run-36/SRR021/21374/SRR21374625/SRR21374625.1,SRX17380173,LIB_19,WGS,RANDOM,METAGENOMIC,PAIRED,0,0,ILLUMINA,Illumina NovaSeq 6000,SRP395024,PRJNA875025,,875025,SRS14939350,SAMN30613590,simple,527639,wastewater metagenome,LIB_19,,,,,,,no,,,,,"UNIVERSITY OF COLORADO, BOULDER",SRA1488268,,public,B1D3067394622FE7AF759A3EC5CFDBB5,0F1DC3C82840AE113ABA8DAA4CEB4E8F
SRR21374623,2022-09-02 06:59:09,2022-09-02 06:34:05,4456922,1345990444,4456922,302,432,,https://sra-downloadb.be-md.ncbi.nlm.nih.gov/sos3/sra-pub-run-36/SRR021/21374/SRR21374623/SRR21374623.1,SRX17380175,LIB_20,WGS,RANDOM,METAGENOMIC,PAIRED,0,0,ILLUMINA,Illumina NovaSeq 6000,SRP395024,PRJNA875025,,875025,SRS14939353,SAMN30613591,simple,527639,wastewater metagenome,LIB_20,,,,,,,no,,,,,"UNIVERSITY OF COLORADO, BOULDER",SRA1488268,,public,A640F51DB92D7DC99130EA5502CB0596,861599B3C65F59683A9ED9DC6D121824
SRR21374621,2022-09-02 06:59:09,2022-09-02 06:21:33,4003644,1209100488,4003644,302,401,,https://sra-downloadb.be-md.ncbi.nlm.nih.gov/sos3/sra-pub-run-36/SRR021/21374/SRR21374621/SRR21374621.1,SRX17380177,LIB_3,WGS,RANDOM,METAGENOMIC,PAIRED,0,0,ILLUMINA,Illumina NovaSeq 6000,SRP395024,PRJNA875025,,875025,SRS14939355,SAMN30613592,simple,527639,wastewater metagenome,LIB_3,,,,,,,no,,,,,"UNIVERSITY OF COLORADO, BOULDER",SRA1488268,,public,0433F96737442A02EB22E1B011A853F1,2FDF9C752A5DDAA6B476B1A22B4AF219
SRR21374620,2022-09-02 07:51:04,2022-09-02 06:55:25,7759599,2343398898,7759599,302,721,,https://sra-downloadb.be-md.ncbi.nlm.nih.gov/sos4/sra-pub-run-30/SRR021/21374/SRR21374620/SRR21374620.1,SRX17380178,LIB_5,WGS,RANDOM,METAGENOMIC,PAIRED,0,0,ILLUMINA,Illumina NovaSeq 6000,SRP395024,PRJNA875025,,875025,SRS14939356,SAMN30613593,simple,527639,wastewater metagenome,LIB_5,,,,,,,no,,,,,"UNIVERSITY OF COLORADO, BOULDER",SRA1488268,,public,C1990000223DD11227A059833AE51CC2,0891FA829B5B898911956BC478E2B0EC
SRR21374619,2022-09-02 09:35:07,2022-09-02 07:07:33,6559276,1980901352,6559276,302,615,,https://sra-downloadb.be-md.ncbi.nlm.nih.gov/sos4/sra-pub-run-30/SRR021/21374/SRR21374619/SRR21374619.1,SRX17380179,LIB_6,WGS,RANDOM,METAGENOMIC,PAIRED,0,0,ILLUMINA,Illumina NovaSeq 6000,SRP395024,PRJNA875025,,875025,SRS14939357,SAMN30613594,simple,527639,wastewater metagenome,LIB_6,,,,,,,no,,,,,"UNIVERSITY OF COLORADO, BOULDER",SRA1488268,,public,1730AB25E5D8924C68A38EBBE01E5986,B3D362FE9FFEAB2A218274C428AD1FD4
SRR21374618,2022-09-02 10:43:21,2022-09-02 07:16:00,8587722,2593492044,8587722,302,791,,https://sra-downloadb.be-md.ncbi.nlm.nih.gov/sos4/sra-pub-run-30/SRR021/21374/SRR21374618/SRR21374618.1,SRX17380180,LIB_8,WGS,RANDOM,METAGENOMIC,PAIRED,0,0,ILLUMINA,Illumina NovaSeq 6000,SRP395024,PRJNA875025,,875025,SRS14939358,SAMN30613595,simple,527639,wastewater metagenome,LIB_8,,,,,,,no,,,,,"UNIVERSITY OF COLORADO, BOULDER",SRA1488268,,public,7A9C68E2832A2C42D54E13DC30ADE1A5,3F8EB750897ACE845EC8E45354081BC1
SRR21374617,2022-09-02 07:51:04,2022-09-02 06:46:35,5905571,1783482442,5905571,302,552,,https://sra-downloadb.be-md.ncbi.nlm.nih.gov/sos3/sra-pub-run-36/SRR021/21374/SRR21374617/SRR21374617.1,SRX17380181,REG_12,WGS,RANDOM,METAGENOMIC,PAIRED,0,0,ILLUMINA,Illumina NovaSeq 6000,SRP395024,PRJNA875025,,875025,SRS14939359,SAMN30613596,simple,527639,wastewater metagenome,REG_12,,,,,,,no,,,,,"UNIVERSITY OF COLORADO, BOULDER",SRA1488268,,public,CB20E3CC3BA5F80C9F26DD9DFF20FB47,86A4BF3FC1C4D3C8435632CD4189D7A5
SRR21374616,2022-09-02 07:51:04,2022-09-02 06:50:10,2571571,776614442,2571571,302,237,,https://sra-downloadb.be-md.ncbi.nlm.nih.gov/sos3/sra-pub-run-36/SRR021/21374/SRR21374616/SRR21374616.1,SRX17380182,REG_13,WGS,RANDOM,METAGENOMIC,PAIRED,0,0,ILLUMINA,Illumina NovaSeq 6000,SRP395024,PRJNA875025,,875025,SRS14939360,SAMN30613597,simple,527639,wastewater metagenome,REG_13,,,,,,,no,,,,,"UNIVERSITY OF COLORADO, BOULDER",SRA1488268,,public,F8B9C9A5AE74764328A20AAEBAFFE97F,6A3E5F17B940520FBFCAC01CCA1F2F5D
SRR21374615,2022-09-02 07:51:04,2022-09-02 07:34:09,4354468,1315049336,4354468,302,422,,https://sra-downloadb.be-md.ncbi.nlm.nih.gov/sos3/sra-pub-run-36/SRR021/21374/SRR21374615/SRR21374615.1,SRX17380183,REG_15,WGS,RANDOM,METAGENOMIC,PAIRED,0,0,ILLUMINA,Illumina NovaSeq 6000,SRP395024,PRJNA875025,,875025,SRS14939361,SAMN30613598,simple,527639,wastewater metagenome,REG_15,,,,,,,no,,,,,"UNIVERSITY OF COLORADO, BOULDER",SRA1488268,,public,CAFE418A4DE25B8136D9D9039011A610,EF060B6891B7023EDE99C999F25A3E73
SRR21374614,2022-09-02 07:51:04,2022-09-02 07:19:35,3290844,993834888,3290844,302,308,,https://sra-downloadb.be-md.ncbi.nlm.nih.gov/sos4/sra-pub-run-30/SRR021/21374/SRR21374614/SRR21374614.1,SRX17380184,REG_17,WGS,RANDOM,METAGENOMIC,PAIRED,0,0,ILLUMINA,Illumina NovaSeq 6000,SRP395024,PRJNA875025,,875025,SRS14939362,SAMN30613599,simple,527639,wastewater metagenome,REG_17,,,,,,,no,,,,,"UNIVERSITY OF COLORADO, BOULDER",SRA1488268,,public,B20BA0584CD3CA3B8C13804A0CD08256,FED06DDD642FF5E730F821B9E95B6EC2
SRR21374613,2022-09-02 06:59:09,2022-09-02 06:30:46,2359528,712577456,2359528,302,216,,https://sra-downloadb.be-md.ncbi.nlm.nih.gov/sos3/sra-pub-run-36/SRR021/21374/SRR21374613/SRR21374613.1,SRX17380185,REG_19,WGS,RANDOM,METAGENOMIC,PAIRED,0,0,ILLUMINA,Illumina NovaSeq 6000,SRP395024,PRJNA875025,,875025,SRS14939363,SAMN30613600,simple,527639,wastewater metagenome,REG_19,,,,,,,no,,,,,"UNIVERSITY OF COLORADO, BOULDER",SRA1488268,,public,45B2730CF0642443BF8C2F432CB37FBF,8B7E002AB13F5C2C7C1D1BB4730396F5
SRR21374612,2022-09-02 07:51:04,2022-09-02 06:56:10,2134327,644566754,2134327,302,196,,https://sra-downloadb.be-md.ncbi.nlm.nih.gov/sos3/sra-pub-run-36/SRR021/21374/SRR21374612/SRR21374612.1,SRX17380186,REG_20,WGS,RANDOM,METAGENOMIC,PAIRED,0,0,ILLUMINA,Illumina NovaSeq 6000,SRP395024,PRJNA875025,,875025,SRS14939364,SAMN30613601,simple,527639,wastewater metagenome,REG_20,,,,,,,no,,,,,"UNIVERSITY OF COLORADO, BOULDER",SRA1488268,,public,8DF56DF1696ADBFC6293630ECA270192,87551D67B019B099ED15611BF9722944
SRR21374610,2022-09-02 07:54:54,2022-09-02 07:02:18,8677561,2620623422,8677561,302,813,,https://sra-downloadb.be-md.ncbi.nlm.nih.gov/sos4/sra-pub-run-30/SRR021/21374/SRR21374610/SRR21374610.1,SRX17380188,REG_5,WGS,RANDOM,METAGENOMIC,PAIRED,0,0,ILLUMINA,Illumina NovaSeq 6000,SRP395024,PRJNA875025,,875025,SRS14939365,SAMN30613602,simple,527639,wastewater metagenome,REG_5,,,,,,,no,,,,,"UNIVERSITY OF COLORADO, BOULDER",SRA1488268,,public,D03F8BF72908619D2F80A8E0DF12071B,E85C504C770203191D478BA9BBA0B06C
SRR21374609,2022-09-02 07:51:04,2022-09-02 07:00:30,5977284,1805139768,5977284,302,544,,https://sra-downloadb.be-md.ncbi.nlm.nih.gov/sos3/sra-pub-run-36/SRR021/21374/SRR21374609/SRR21374609.1,SRX17380189,REG_6,WGS,RANDOM,METAGENOMIC,PAIRED,0,0,ILLUMINA,Illumina NovaSeq 6000,SRP395024,PRJNA875025,,875025,SRS14939367,SAMN30613603,simple,527639,wastewater metagenome,REG_6,,,,,,,no,,,,,"UNIVERSITY OF COLORADO, BOULDER",SRA1488268,,public,BDD5D6FB5E2351584EC49E7238A1F917,B64305274702B7B28D58CC0B9D8BE43D
SRR21374608,2022-09-02 09:35:07,2022-09-02 08:18:46,7020279,2120124258,7020279,302,648,,https://sra-downloadb.be-md.ncbi.nlm.nih.gov/sos4/sra-pub-run-30/SRR021/21374/SRR21374608/SRR21374608.1,SRX17380190,REG_8,WGS,RANDOM,METAGENOMIC,PAIRED,0,0,ILLUMINA,Illumina NovaSeq 6000,SRP395024,PRJNA875025,,875025,SRS14939368,SAMN30613604,simple,527639,wastewater metagenome,REG_8,,,,,,,no,,,,,"UNIVERSITY OF COLORADO, BOULDER",SRA1488268,,public,DEAC8E2E348F64F70AD9D80A40BB8A8E,053C3E6F8BC5A0212FDE4A1DFF30951E
SRR21374607,2022-09-02 07:51:04,2022-09-02 07:18:46,8486150,2562817300,8486150,302,772,,https://sra-downloadb.be-md.ncbi.nlm.nih.gov/sos3/sra-pub-run-36/SRR021/21374/SRR21374607/SRR21374607.1,SRX17380191,SEW_10,WGS,RANDOM,METAGENOMIC,PAIRED,0,0,ILLUMINA,Illumina NovaSeq 6000,SRP395024,PRJNA875025,,875025,SRS14939369,SAMN30613605,simple,527639,wastewater metagenome,SEW_10,,,,,,,no,,,,,"UNIVERSITY OF COLORADO, BOULDER",SRA1488268,,public,7F2693CD701DE6323B1F09310EF3D93E,E033DC725256E7D1913ECD3BC54B2395
SRR21374534,2022-09-02 07:51:04,2022-09-02 06:49:22,7230116,2183495032,7230116,302,691,,https://sra-downloadb.be-md.ncbi.nlm.nih.gov/sos4/sra-pub-run-30/SRR021/21374/SRR21374534/SRR21374534.1,SRX17380264,SEW_12,WGS,RANDOM,METAGENOMIC,PAIRED,0,0,ILLUMINA,Illumina NovaSeq 6000,SRP395024,PRJNA875025,,875025,SRS14939441,SAMN30613606,simple,527639,wastewater metagenome,SEW_12,,,,,,,no,,,,,"UNIVERSITY OF COLORADO, BOULDER",SRA1488268,,public,97F980BD4EC218EB5492F5315994BB0F,C8B744BFC9ED6D1DA1997F03DAAACA66
SRR21374533,2022-09-02 06:59:09,2022-09-02 06:14:59,4588439,1385708578,4588439,302,424,,https://sra-downloadb.be-md.ncbi.nlm.nih.gov/sos3/sra-pub-run-36/SRR021/21374/SRR21374533/SRR21374533.1,SRX17380265,SEW_13,WGS,RANDOM,METAGENOMIC,PAIRED,0,0,ILLUMINA,Illumina NovaSeq 6000,SRP395024,PRJNA875025,,875025,SRS14939443,SAMN30613607,simple,527639,wastewater metagenome,SEW_13,,,,,,,no,,,,,"UNIVERSITY OF COLORADO, BOULDER",SRA1488268,,public,D9422F28D92ABC6FCDBFDCD05DC7F4EC,B7CDF5DCCCC848CCEA979F4D15A6C6EE
SRR21374532,2022-09-02 06:59:09,2022-09-02 06:26:04,5532540,1670827080,5532540,302,556,,https://sra-downloadb.be-md.ncbi.nlm.nih.gov/sos4/sra-pub-run-30/SRR021/21374/SRR21374532/SRR21374532.1,SRX17380266,SEW_15,WGS,RANDOM,METAGENOMIC,PAIRED,0,0,ILLUMINA,Illumina NovaSeq 6000,SRP395024,PRJNA875025,,875025,SRS14939444,SAMN30613608,simple,527639,wastewater metagenome,SEW_15,,,,,,,no,,,,,"UNIVERSITY OF COLORADO, BOULDER",SRA1488268,,public,B0C1D386D8CACAB450A697FB65F990AD,4BCFEF982BEEE08AEF0BA02947209CD0
SRR21374531,2022-09-02 08:01:52,2022-09-02 06:12:44,3705802,1119152204,3705802,302,349,,https://sra-downloadb.be-md.ncbi.nlm.nih.gov/sos4/sra-pub-run-30/SRR021/21374/SRR21374531/SRR21374531.1,SRX17380267,SEW_17,WGS,RANDOM,METAGENOMIC,PAIRED,0,0,ILLUMINA,Illumina NovaSeq 6000,SRP395024,PRJNA875025,,875025,SRS14939445,SAMN30613609,simple,527639,wastewater metagenome,SEW_17,,,,,,,no,,,,,"UNIVERSITY OF COLORADO, BOULDER",SRA1488268,,public,BB0C4305FCC6772670AC41A95F3E05AD,8A367F15AE3EF00950D406AD498ABF11
SRR21374530,2022-09-02 07:51:04,2022-09-02 06:15:40,2818476,851179752,2818476,302,274,,https://sra-downloadb.be-md.ncbi.nlm.nih.gov/sos4/sra-pub-run-30/SRR021/21374/SRR21374530/SRR21374530.1,SRX17380268,SEW_19,WGS,RANDOM,METAGENOMIC,PAIRED,0,0,ILLUMINA,Illumina NovaSeq 6000,SRP395024,PRJNA875025,,875025,SRS14939446,SAMN30613610,simple,527639,wastewater metagenome,SEW_19,,,,,,,no,,,,,"UNIVERSITY OF COLORADO, BOULDER",SRA1488268,,public,928A33E9AB947E64A90102FEE5DE823A,62EF8D9657CDD4B5466ACD78F540D336
SRR21374529,2022-09-02 06:59:09,2022-09-02 06:10:48,3382274,1021446748,3382274,302,317,,https://sra-downloadb.be-md.ncbi.nlm.nih.gov/sos4/sra-pub-run-30/SRR021/21374/SRR21374529/SRR21374529.1,SRX17380269,SEW_20,WGS,RANDOM,METAGENOMIC,PAIRED,0,0,ILLUMINA,Illumina NovaSeq 6000,SRP395024,PRJNA875025,,875025,SRS14939447,SAMN30613611,simple,527639,wastewater metagenome,SEW_20,,,,,,,no,,,,,"UNIVERSITY OF COLORADO, BOULDER",SRA1488268,,public,49DD6133F9E9DB7A26D152CD53287F81,018714E7D497BC679289E9E2F5B5D33D
SRR21374527,2022-09-02 07:51:04,2022-09-02 06:51:26,6777934,2046936068,6777934,302,615,,https://sra-downloadb.be-md.ncbi.nlm.nih.gov/sos4/sra-pub-run-30/SRR021/21374/SRR21374527/SRR21374527.1,SRX17380271,SEW_5,WGS,RANDOM,METAGENOMIC,PAIRED,0,0,ILLUMINA,Illumina NovaSeq 6000,SRP395024,PRJNA875025,,875025,SRS14939449,SAMN30613612,simple,527639,wastewater metagenome,SEW_5,,,,,,,no,,,,,"UNIVERSITY OF COLORADO, BOULDER",SRA1488268,,public,100C2683F8CCB0F53ECCCD06A40A974E,91D857B544CEDD1A7F48D822C10E991A
SRR21374526,2022-09-02 06:59:09,2022-09-02 06:10:05,6564923,1982606746,6564923,302,626,,https://sra-downloadb.be-md.ncbi.nlm.nih.gov/sos3/sra-pub-run-36/SRR021/21374/SRR21374526/SRR21374526.1,SRX17380272,SEW_6,WGS,RANDOM,METAGENOMIC,PAIRED,0,0,ILLUMINA,Illumina NovaSeq 6000,SRP395024,PRJNA875025,,875025,SRS14939450,SAMN30613613,simple,527639,wastewater metagenome,SEW_6,,,,,,,no,,,,,"UNIVERSITY OF COLORADO, BOULDER",SRA1488268,,public,CF466D7CC17E6BC606E870C1316C67BC,750B1862086C194834A47C73F2A1A6C1
SRR21374525,2022-09-02 06:59:09,2022-09-02 06:14:05,5858975,1769410450,5858975,302,535,,https://sra-downloadb.be-md.ncbi.nlm.nih.gov/sos4/sra-pub-run-30/SRR021/21374/SRR21374525/SRR21374525.1,SRX17380273,SEW_8,WGS,RANDOM,METAGENOMIC,PAIRED,0,0,ILLUMINA,Illumina NovaSeq 6000,SRP395024,PRJNA875025,,875025,SRS14939451,SAMN30613614,simple,527639,wastewater metagenome,SEW_8,,,,,,,no,,,,,"UNIVERSITY OF COLORADO, BOULDER",SRA1488268,,public,1C2A60634FB9FA03A07CEA52B23DD8F8,1DF80E4B47D45B335FB418FE49672A8E
SRR21374518,2022-09-02 07:51:04,2022-09-02 06:47:04,3237022,977580644,3237022,302,301,,https://sra-downloadb.be-md.ncbi.nlm.nih.gov/sos3/sra-pub-run-36/SRR021/21374/SRR21374518/SRR21374518.1,SRX17380280,STE_1,WGS,RANDOM,METAGENOMIC,PAIRED,0,0,ILLUMINA,Illumina NovaSeq 6000,SRP395024,PRJNA875025,,875025,SRS14939458,SAMN30613615,simple,527639,wastewater metagenome,STE_1,,,,,,,no,,,,,"UNIVERSITY OF COLORADO, BOULDER",SRA1488268,,public,2EABA68E010AD3954E6C1F56C9AC4B07,673B0BC1CAEFF118336664CA43218591
SRR21374524,2022-09-02 06:59:09,2022-09-02 06:13:35,5720907,1727713914,5720907,302,532,,https://sra-downloadb.be-md.ncbi.nlm.nih.gov/sos3/sra-pub-run-36/SRR021/21374/SRR21374524/SRR21374524.1,SRX17380274,STE_10,WGS,RANDOM,METAGENOMIC,PAIRED,0,0,ILLUMINA,Illumina NovaSeq 6000,SRP395024,PRJNA875025,,875025,SRS14939452,SAMN30613616,simple,527639,wastewater metagenome,STE_10,,,,,,,no,,,,,"UNIVERSITY OF COLORADO, BOULDER",SRA1488268,,public,06D87BE78A165613416B06191429365B,6B9DF01C981265D2E92B08D98D45B86E
SRR21374523,2022-09-02 06:59:09,2022-09-02 06:29:55,4679078,1413081556,4679078,302,438,,https://sra-downloadb.be-md.ncbi.nlm.nih.gov/sos4/sra-pub-run-30/SRR021/21374/SRR21374523/SRR21374523.1,SRX17380275,STE_12,WGS,RANDOM,METAGENOMIC,PAIRED,0,0,ILLUMINA,Illumina NovaSeq 6000,SRP395024,PRJNA875025,,875025,SRS14939453,SAMN30613617,simple,527639,wastewater metagenome,STE_12,,,,,,,no,,,,,"UNIVERSITY OF COLORADO, BOULDER",SRA1488268,,public,8F289BC36AA994AD894621FB9DF5A520,756227F65BDA5CF32921486AFF57AE02
SRR21374522,2022-09-02 06:59:09,2022-09-02 05:57:33,2607643,787508186,2607643,302,255,,https://sra-downloadb.be-md.ncbi.nlm.nih.gov/sos4/sra-pub-run-30/SRR021/21374/SRR21374522/SRR21374522.1,SRX17380276,STE_13,WGS,RANDOM,METAGENOMIC,PAIRED,0,0,ILLUMINA,Illumina NovaSeq 6000,SRP395024,PRJNA875025,,875025,SRS14939454,SAMN30613618,simple,527639,wastewater metagenome,STE_13,,,,,,,no,,,,,"UNIVERSITY OF COLORADO, BOULDER",SRA1488268,,public,F61112597DE80908BE9EA64AC200260F,A6CB1DB106719E29804CA9346CEE4948
SRR21374521,2022-09-02 07:51:04,2022-09-02 06:36:20,1853631,559796562,1853631,302,173,,https://sra-downloadb.be-md.ncbi.nlm.nih.gov/sos4/sra-pub-run-30/SRR021/21374/SRR21374521/SRR21374521.1,SRX17380277,STE_15,WGS,RANDOM,METAGENOMIC,PAIRED,0,0,ILLUMINA,Illumina NovaSeq 6000,SRP395024,PRJNA875025,,875025,SRS14939455,SAMN30613619,simple,527639,wastewater metagenome,STE_15,,,,,,,no,,,,,"UNIVERSITY OF COLORADO, BOULDER",SRA1488268,,public,241919A031A421CDE0256E6FF7B06C26,25886DBC4773AA6821A42EA39144C6A1
SRR21374520,2022-09-02 06:59:09,2022-09-02 06:17:23,3962010,1196527020,3962010,302,383,,https://sra-downloadb.be-md.ncbi.nlm.nih.gov/sos3/sra-pub-run-36/SRR021/21374/SRR21374520/SRR21374520.1,SRX17380278,STE_17,WGS,RANDOM,METAGENOMIC,PAIRED,0,0,ILLUMINA,Illumina NovaSeq 6000,SRP395024,PRJNA875025,,875025,SRS14939456,SAMN30613620,simple,527639,wastewater metagenome,STE_17,,,,,,,no,,,,,"UNIVERSITY OF COLORADO, BOULDER",SRA1488268,,public,C1D9B935829354C49DCCADAD2E50FF2D,FB1D73BC6CD2610B7CDB223F974C79FC
SRR21374519,2022-09-02 06:59:09,2022-09-02 06:10:06,3256759,983541218,3256759,302,313,,https://sra-downloadb.be-md.ncbi.nlm.nih.gov/sos3/sra-pub-run-36/SRR021/21374/SRR21374519/SRR21374519.1,SRX17380279,STE_19,WGS,RANDOM,METAGENOMIC,PAIRED,0,0,ILLUMINA,Illumina NovaSeq 6000,SRP395024,PRJNA875025,,875025,SRS14939457,SAMN30613621,simple,527639,wastewater metagenome,STE_19,,,,,,,no,,,,,"UNIVERSITY OF COLORADO, BOULDER",SRA1488268,,public,720339A0A081B711811A4FDC1C4ED587,6F5DB1798C0043349AA00F1AEC25792F
SRR21374516,2022-09-02 10:44:41,2022-09-02 06:41:12,2853113,861640126,2853113,302,264,,https://sra-downloadb.be-md.ncbi.nlm.nih.gov/sos3/sra-pub-run-36/SRR021/21374/SRR21374516/SRR21374516.1,SRX17380282,STE_20,WGS,RANDOM,METAGENOMIC,PAIRED,0,0,ILLUMINA,Illumina NovaSeq 6000,SRP395024,PRJNA875025,,875025,SRS14939460,SAMN30613622,simple,527639,wastewater metagenome,STE_20,,,,,,,no,,,,,"UNIVERSITY OF COLORADO, BOULDER",SRA1488268,,public,65569827AF076356E0006C70FCD31539,07965FDEFC859B9FB87AAB832F9E2935
SRR21374515,2022-09-02 07:51:04,2022-09-02 07:19:51,5591340,1688584680,5591340,302,516,,https://sra-downloadb.be-md.ncbi.nlm.nih.gov/sos3/sra-pub-run-36/SRR021/21374/SRR21374515/SRR21374515.1,SRX17380283,STE_3,WGS,RANDOM,METAGENOMIC,PAIRED,0,0,ILLUMINA,Illumina NovaSeq 6000,SRP395024,PRJNA875025,,875025,SRS14939461,SAMN30613623,simple,527639,wastewater metagenome,STE_3,,,,,,,no,,,,,"UNIVERSITY OF COLORADO, BOULDER",SRA1488268,,public,E14FF381F57AE7AD09A9A5F2B1D36FF5,81E82802F77912C04CCED9BA088A2735
SRR21374514,2022-09-02 06:59:09,2022-09-02 06:24:36,5727229,1729623158,5727229,302,549,,https://sra-downloadb.be-md.ncbi.nlm.nih.gov/sos3/sra-pub-run-36/SRR021/21374/SRR21374514/SRR21374514.1,SRX17380284,STE_5,WGS,RANDOM,METAGENOMIC,PAIRED,0,0,ILLUMINA,Illumina NovaSeq 6000,SRP395024,PRJNA875025,,875025,SRS14939462,SAMN30613624,simple,527639,wastewater metagenome,STE_5,,,,,,,no,,,,,"UNIVERSITY OF COLORADO, BOULDER",SRA1488268,,public,8A33ACB9A2161C4E8F4746C60CA1AC29,D9DD35541FF21EEE3B14D9005B1D18E5
SRR21374513,2022-09-02 06:59:09,2022-09-02 06:13:28,5946239,1795764178,5946239,302,553,,https://sra-downloadb.be-md.ncbi.nlm.nih.gov/sos3/sra-pub-run-36/SRR021/21374/SRR21374513/SRR21374513.1,SRX17380285,STE_6,WGS,RANDOM,METAGENOMIC,PAIRED,0,0,ILLUMINA,Illumina NovaSeq 6000,SRP395024,PRJNA875025,,875025,SRS14939463,SAMN30613625,simple,527639,wastewater metagenome,STE_6,,,,,,,no,,,,,"UNIVERSITY OF COLORADO, BOULDER",SRA1488268,,public,E999D2818466A1965CC6CC233B7270D8,1E2F4E50B218AEBBEA3E6F42E1793F9E
SRR21374512,2022-09-02 06:59:09,2022-09-02 06:30:59,5007438,1512246276,5007438,302,466,,https://sra-downloadb.be-md.ncbi.nlm.nih.gov/sos4/sra-pub-run-30/SRR021/21374/SRR21374512/SRR21374512.1,SRX17380286,STE_8,WGS,RANDOM,METAGENOMIC,PAIRED,0,0,ILLUMINA,Illumina NovaSeq 6000,SRP395024,PRJNA875025,,875025,SRS14939464,SAMN30613626,simple,527639,wastewater metagenome,STE_8,,,,,,,no,,,,,"UNIVERSITY OF COLORADO, BOULDER",SRA1488268,,public,B05348E2620DEB16CD57900F41B1C86D,974C96642FB54D8CE3BAF613D91624E0
SRR21374480,2022-09-02 06:59:10,2022-09-02 05:57:19,2470071,745961442,2470071,302,233,,https://sra-downloadb.be-md.ncbi.nlm.nih.gov/sos3/sra-pub-run-36/SRR021/21374/SRR21374480/SRR21374480.1,SRX17380318,WEB_1,WGS,RANDOM,METAGENOMIC,PAIRED,0,0,ILLUMINA,Illumina NovaSeq 6000,SRP395024,PRJNA875025,,875025,SRS14939496,SAMN30613627,simple,527639,wastewater metagenome,WEB_1,,,,,,,no,,,,,"UNIVERSITY OF COLORADO, BOULDER",SRA1488268,,public,1F1B0D0022BCE8DAAF89239798E54A7D,7AA733342DC07888B7F78ECB88728198
SRR21374511,2022-09-02 06:59:09,2022-09-02 06:23:23,4404836,1330260472,4404836,302,419,,https://sra-downloadb.be-md.ncbi.nlm.nih.gov/sos4/sra-pub-run-30/SRR021/21374/SRR21374511/SRR21374511.1,SRX17380287,WEB_10,WGS,RANDOM,METAGENOMIC,PAIRED,0,0,ILLUMINA,Illumina NovaSeq 6000,SRP395024,PRJNA875025,,875025,SRS14939466,SAMN30613628,simple,527639,wastewater metagenome,WEB_10,,,,,,,no,,,,,"UNIVERSITY OF COLORADO, BOULDER",SRA1488268,,public,5E88EF5F7CF0967F17779B88DD1BF8EB,825D218DDA19EF78E41024604EF3274D
SRR21374486,2022-09-02 06:59:10,2022-09-02 05:52:56,3775959,1140339618,3775959,302,360,,https://sra-downloadb.be-md.ncbi.nlm.nih.gov/sos3/sra-pub-run-36/SRR021/21374/SRR21374486/SRR21374486.1,SRX17380312,WEB_12,WGS,RANDOM,METAGENOMIC,PAIRED,0,0,ILLUMINA,Illumina NovaSeq 6000,SRP395024,PRJNA875025,,875025,SRS14939490,SAMN30613629,simple,527639,wastewater metagenome,WEB_12,,,,,,,no,,,,,"UNIVERSITY OF COLORADO, BOULDER",SRA1488268,,public,E9D916112A415E81D88829308040EC60,3017FDAFC6FC7BFA2ADB6509E3B4BFD7
SRR21374485,2022-09-02 06:59:10,2022-09-02 06:04:53,3977803,1201296506,3977803,302,369,,https://sra-downloadb.be-md.ncbi.nlm.nih.gov/sos3/sra-pub-run-36/SRR021/21374/SRR21374485/SRR21374485.1,SRX17380313,WEB_13,WGS,RANDOM,METAGENOMIC,PAIRED,0,0,ILLUMINA,Illumina NovaSeq 6000,SRP395024,PRJNA875025,,875025,SRS14939491,SAMN30613630,simple,527639,wastewater metagenome,WEB_13,,,,,,,no,,,,,"UNIVERSITY OF COLORADO, BOULDER",SRA1488268,,public,808A4D1240242FA183BE07CA9DB84055,5426247550B0EF7591982E6657EBC135
SRR21374484,2022-09-02 06:59:10,2022-09-02 05:53:02,1812177,547277454,1812177,302,172,,https://sra-downloadb.be-md.ncbi.nlm.nih.gov/sos4/sra-pub-run-30/SRR021/21374/SRR21374484/SRR21374484.1,SRX17380314,WEB_15,WGS,RANDOM,METAGENOMIC,PAIRED,0,0,ILLUMINA,Illumina NovaSeq 6000,SRP395024,PRJNA875025,,875025,SRS14939493,SAMN30613631,simple,527639,wastewater metagenome,WEB_15,,,,,,,no,,,,,"UNIVERSITY OF COLORADO, BOULDER",SRA1488268,,public,70ABAADED6CA8746659E33965BF878F2,F7DE1D17A0FB9A114C393D08DEEA4529
SRR21374483,2022-09-02 06:59:10,2022-09-02 05:59:43,4610426,1392348652,4610426,302,448,,https://sra-downloadb.be-md.ncbi.nlm.nih.gov/sos4/sra-pub-run-30/SRR021/21374/SRR21374483/SRR21374483.1,SRX17380315,WEB_17,WGS,RANDOM,METAGENOMIC,PAIRED,0,0,ILLUMINA,Illumina NovaSeq 6000,SRP395024,PRJNA875025,,875025,SRS14939492,SAMN30613632,simple,527639,wastewater metagenome,WEB_17,,,,,,,no,,,,,"UNIVERSITY OF COLORADO, BOULDER",SRA1488268,,public,5B6B2B42238D01285C6F4A4DE7CE8BFD,C1645036ADB87905AD6BA0D91D2E4AA4
SRR21374481,2022-09-02 06:59:10,2022-09-02 05:52:35,3545584,1070766368,3545584,302,334,,https://sra-downloadb.be-md.ncbi.nlm.nih.gov/sos3/sra-pub-run-36/SRR021/21374/SRR21374481/SRR21374481.1,SRX17380317,WEB_19,WGS,RANDOM,METAGENOMIC,PAIRED,0,0,ILLUMINA,Illumina NovaSeq 6000,SRP395024,PRJNA875025,,875025,SRS14939495,SAMN30613633,simple,527639,wastewater metagenome,WEB_19,,,,,,,no,,,,,"UNIVERSITY OF COLORADO, BOULDER",SRA1488268,,public,4C893CF4902117AD91438DC5B34E99D4,69A14DA0031D5E15D155348525791C68
SRR21374479,2022-09-02 06:59:10,2022-09-02 06:05:01,1710515,516575530,1710515,302,165,,https://sra-downloadb.be-md.ncbi.nlm.nih.gov/sos4/sra-pub-run-30/SRR021/21374/SRR21374479/SRR21374479.1,SRX17380319,WEB_20,WGS,RANDOM,METAGENOMIC,PAIRED,0,0,ILLUMINA,Illumina NovaSeq 6000,SRP395024,PRJNA875025,,875025,SRS14939497,SAMN30613634,simple,527639,wastewater metagenome,WEB_20,,,,,,,no,,,,,"UNIVERSITY OF COLORADO, BOULDER",SRA1488268,,public,FD150736391A2DDEE44FB752AE123FC6,D39CC1773F148F008112A4DF59EFF080
SRR21374478,2022-09-02 06:59:10,2022-09-02 06:14:50,5063085,1529051670,5063085,302,489,,https://sra-downloadb.be-md.ncbi.nlm.nih.gov/sos4/sra-pub-run-30/SRR021/21374/SRR21374478/SRR21374478.1,SRX17380320,WEB_3,WGS,RANDOM,METAGENOMIC,PAIRED,0,0,ILLUMINA,Illumina NovaSeq 6000,SRP395024,PRJNA875025,,875025,SRS14939498,SAMN30613635,simple,527639,wastewater metagenome,WEB_3,,,,,,,no,,,,,"UNIVERSITY OF COLORADO, BOULDER",SRA1488268,,public,26E47996A92EEB17C6C054F9AAA6CEBB,80BC44246540168AC048E37B1C8F7A34
SRR21374477,2022-09-02 06:59:10,2022-09-02 06:29:35,4898155,1479242810,4898155,302,465,,https://sra-downloadb.be-md.ncbi.nlm.nih.gov/sos4/sra-pub-run-30/SRR021/21374/SRR21374477/SRR21374477.1,SRX17380321,WEB_5,WGS,RANDOM,METAGENOMIC,PAIRED,0,0,ILLUMINA,Illumina NovaSeq 6000,SRP395024,PRJNA875025,,875025,SRS14939500,SAMN30613636,simple,527639,wastewater metagenome,WEB_5,,,,,,,no,,,,,"UNIVERSITY OF COLORADO, BOULDER",SRA1488268,,public,D405F604FB4D95353D70D6499FB8B6E6,6F0D3BB910EAEFDEA2557FA8200DF942
SRR21374476,2022-09-02 07:51:04,2022-09-02 06:44:26,6823487,2060693074,6823487,302,639,,https://sra-downloadb.be-md.ncbi.nlm.nih.gov/sos4/sra-pub-run-30/SRR021/21374/SRR21374476/SRR21374476.1,SRX17380322,WEB_6,WGS,RANDOM,METAGENOMIC,PAIRED,0,0,ILLUMINA,Illumina NovaSeq 6000,SRP395024,PRJNA875025,,875025,SRS14939499,SAMN30613637,simple,527639,wastewater metagenome,WEB_6,,,,,,,no,,,,,"UNIVERSITY OF COLORADO, BOULDER",SRA1488268,,public,A72E60C24DE0227EA57533986942D87E,7AC9CAA7C618889DC544FCFB1C609E21
SRR21374475,2022-09-02 07:51:04,2022-09-02 06:35:54,8132396,2455983592,8132396,302,743,,https://sra-downloadb.be-md.ncbi.nlm.nih.gov/sos4/sra-pub-run-30/SRR021/21374/SRR21374475/SRR21374475.1,SRX17380323,WEB_8,WGS,RANDOM,METAGENOMIC,PAIRED,0,0,ILLUMINA,Illumina NovaSeq 6000,SRP395024,PRJNA875025,,875025,SRS14939501,SAMN30613638,simple,527639,wastewater metagenome,WEB_8,,,,,,,no,,,,,"UNIVERSITY OF COLORADO, BOULDER",SRA1488268,,public,5F34E3BBEBFAC22B9F04319A31D59A47,FBB6BD202953752EC59A123E098D2C9A
SRR21374474,2022-09-02 07:51:04,2022-09-02 06:24:12,4152132,1253943864,4152132,302,396,,https://sra-downloadb.be-md.ncbi.nlm.nih.gov/sos3/sra-pub-run-36/SRR021/21374/SRR21374474/SRR21374474.1,SRX17380324,WIL_10,WGS,RANDOM,METAGENOMIC,PAIRED,0,0,ILLUMINA,Illumina NovaSeq 6000,SRP395024,PRJNA875025,,875025,SRS14939502,SAMN30613639,simple,527639,wastewater metagenome,WIL_10,,,,,,,no,,,,,"UNIVERSITY OF COLORADO, BOULDER",SRA1488268,,public,233649DA0AAA9023A3BBFCAA6D999CBD,F9E6B238091E094AE8EED466B4345564
SRR21374473,2022-09-02 06:59:10,2022-09-02 06:13:14,3744278,1130771956,3744278,302,359,,https://sra-downloadb.be-md.ncbi.nlm.nih.gov/sos3/sra-pub-run-36/SRR021/21374/SRR21374473/SRR21374473.1,SRX17380325,WIL_12,WGS,RANDOM,METAGENOMIC,PAIRED,0,0,ILLUMINA,Illumina NovaSeq 6000,SRP395024,PRJNA875025,,875025,SRS14939503,SAMN30613640,simple,527639,wastewater metagenome,WIL_12,,,,,,,no,,,,,"UNIVERSITY OF COLORADO, BOULDER",SRA1488268,,public,29A404804480C46005C7A8C0051DBD41,2F568A6B9E6D7CBE7A1EDA195C794E8E
SRR21374472,2022-09-02 06:59:10,2022-09-02 06:07:45,4195758,1267118916,4195758,302,427,,https://sra-downloadb.be-md.ncbi.nlm.nih.gov/sos3/sra-pub-run-36/SRR021/21374/SRR21374472/SRR21374472.1,SRX17380326,WIL_13,WGS,RANDOM,METAGENOMIC,PAIRED,0,0,ILLUMINA,Illumina NovaSeq 6000,SRP395024,PRJNA875025,,875025,SRS14939505,SAMN30613641,simple,527639,wastewater metagenome,WIL_13,,,,,,,no,,,,,"UNIVERSITY OF COLORADO, BOULDER",SRA1488268,,public,AECF65E6C1B9BA2652450327B754A5EB,799E8A16EE7BD46DFC1F2B3DF322AB39
SRR21374470,2022-09-02 06:59:10,2022-09-02 06:10:33,4559194,1376876588,4559194,302,425,,https://sra-downloadb.be-md.ncbi.nlm.nih.gov/sos4/sra-pub-run-30/SRR021/21374/SRR21374470/SRR21374470.1,SRX17380328,WIL_15,WGS,RANDOM,METAGENOMIC,PAIRED,0,0,ILLUMINA,Illumina NovaSeq 6000,SRP395024,PRJNA875025,,875025,SRS14939507,SAMN30613642,simple,527639,wastewater metagenome,WIL_15,,,,,,,no,,,,,"UNIVERSITY OF COLORADO, BOULDER",SRA1488268,,public,CD61153386EFE5962A58F090C2605282,106F2592F7D9DB3B69F815A466A8CC8F
SRR21374469,2022-09-02 06:59:10,2022-09-02 06:14:58,5798112,1751029824,5798112,302,544,,https://sra-downloadb.be-md.ncbi.nlm.nih.gov/sos3/sra-pub-run-36/SRR021/21374/SRR21374469/SRR21374469.1,SRX17380329,WIL_17,WGS,RANDOM,METAGENOMIC,PAIRED,0,0,ILLUMINA,Illumina NovaSeq 6000,SRP395024,PRJNA875025,,875025,SRS14939506,SAMN30613643,simple,527639,wastewater metagenome,WIL_17,,,,,,,no,,,,,"UNIVERSITY OF COLORADO, BOULDER",SRA1488268,,public,0EE36656B8BA2E7AA77EEAD5D813D848,0015D4F5A08EBE547473658C3C4D7F42
SRR21374468,2022-09-02 06:59:10,2022-09-02 05:57:19,3758480,1135060960,3758480,302,354,,https://sra-downloadb.be-md.ncbi.nlm.nih.gov/sos4/sra-pub-run-30/SRR021/21374/SRR21374468/SRR21374468.1,SRX17380330,WIL_19,WGS,RANDOM,METAGENOMIC,PAIRED,0,0,ILLUMINA,Illumina NovaSeq 6000,SRP395024,PRJNA875025,,875025,SRS14939508,SAMN30613644,simple,527639,wastewater metagenome,WIL_19,,,,,,,no,,,,,"UNIVERSITY OF COLORADO, BOULDER",SRA1488268,,public,AE5B4F4397FEAA23A8D6A54CD5044E53,478D4B532BA8645683DD7505F6BD231D
SRR21374467,2022-09-02 06:59:10,2022-09-02 06:03:46,2083383,629181666,2083383,302,201,,https://sra-downloadb.be-md.ncbi.nlm.nih.gov/sos4/sra-pub-run-30/SRR021/21374/SRR21374467/SRR21374467.1,SRX17380331,WIL_20,WGS,RANDOM,METAGENOMIC,PAIRED,0,0,ILLUMINA,Illumina NovaSeq 6000,SRP395024,PRJNA875025,,875025,SRS14939509,SAMN30613645,simple,527639,wastewater metagenome,WIL_20,,,,,,,no,,,,,"UNIVERSITY OF COLORADO, BOULDER",SRA1488268,,public,898BFDED6D4E5511A287B2CEB3CB040F,A80B590A33CDADA31BB126A6B8FE00D1
SRR21374466,2022-09-02 06:59:10,2022-09-02 06:16:12,7162566,2163094932,7162566,302,664,,https://sra-downloadb.be-md.ncbi.nlm.nih.gov/sos4/sra-pub-run-30/SRR021/21374/SRR21374466/SRR21374466.1,SRX17380332,WIL_3,WGS,RANDOM,METAGENOMIC,PAIRED,0,0,ILLUMINA,Illumina NovaSeq 6000,SRP395024,PRJNA875025,,875025,SRS14939510,SAMN30613646,simple,527639,wastewater metagenome,WIL_3,,,,,,,no,,,,,"UNIVERSITY OF COLORADO, BOULDER",SRA1488268,,public,470AFEE93D1120C4055EFBAA15CEE103,A76EA1D76AAA7574DA890A22B0753E1A
SRR21374465,2022-09-02 07:51:04,2022-09-02 06:47:09,6211155,1875768810,6211155,302,590,,https://sra-downloadb.be-md.ncbi.nlm.nih.gov/sos3/sra-pub-run-36/SRR021/21374/SRR21374465/SRR21374465.1,SRX17380333,WIL_5,WGS,RANDOM,METAGENOMIC,PAIRED,0,0,ILLUMINA,Illumina NovaSeq 6000,SRP395024,PRJNA875025,,875025,SRS14939511,SAMN30613647,simple,527639,wastewater metagenome,WIL_5,,,,,,,no,,,,,"UNIVERSITY OF COLORADO, BOULDER",SRA1488268,,public,AC077B9965FBD4553B61E7941352D732,828992FB5CD3713E08A263285A44FB20
SRR21374464,2022-09-02 06:59:10,2022-09-02 06:12:44,7007573,2116287046,7007573,302,644,,https://sra-downloadb.be-md.ncbi.nlm.nih.gov/sos4/sra-pub-run-30/SRR021/21374/SRR21374464/SRR21374464.1,SRX17380334,WIL_6,WGS,RANDOM,METAGENOMIC,PAIRED,0,0,ILLUMINA,Illumina NovaSeq 6000,SRP395024,PRJNA875025,,875025,SRS14939512,SAMN30613648,simple,527639,wastewater metagenome,WIL_6,,,,,,,no,,,,,"UNIVERSITY OF COLORADO, BOULDER",SRA1488268,,public,8F840C25FD182FD2F3D767DF00333104,90738BBE7AEF2A75062F9A8EE8EAA2A0
SRR21374463,2022-09-02 06:59:10,2022-09-02 06:15:22,6023704,1819158608,6023704,302,555,,https://sra-downloadb.be-md.ncbi.nlm.nih.gov/sos4/sra-pub-run-30/SRR021/21374/SRR21374463/SRR21374463.1,SRX17380335,WIL_8,WGS,RANDOM,METAGENOMIC,PAIRED,0,0,ILLUMINA,Illumina NovaSeq 6000,SRP395024,PRJNA875025,,875025,SRS14939513,SAMN30613649,simple,527639,wastewater metagenome,WIL_8,,,,,,,no,,,,,"UNIVERSITY OF COLORADO, BOULDER",SRA1488268,,public,6C98F9881D2952DB6AB85F8D0B1AF5D7,5527C3C5011DD0CA9B9A8697F052D4FB
