file_id	md5	size	urls	sample_id
1670203039de370df9a35a043741ae09	16df03b762adf028f2629c3d07e73d5d	7665	https://downloads.hmpdacc.org/dacc/hhs/genome/microbiome/wgs/analysis/hmmrc/v1/SRS022713_vs_KEGG_v54.tar.bz2	faab18e1a137731cffda88256074d4c8
c3da055b4f1c6b91a79d82ec2eb2a91e	f49e8c5309245406b497664931a51fbf	4442260	https://downloads.hmpdacc.org/dacc/hhs/genome/microbiome/wgs/analysis/hmgoi/v1/GeneAbundances/SRS022713.genels.txt.bz2	faab18e1a137731cffda88256074d4c8
1670203039de370df9a35a043745ae4f	69f1de23731c35a749b5b09f3be4b0a0	7665	https://downloads.hmpdacc.org/dacc/hhs/genome/microbiome/wgs/analysis/hmmrc/v1/SRS042628_vs_KEGG_v54.tar.bz2	faab18e1a137731cffda88256095a055
c3da055b4f1c6b91a79d82ec2ece3a8b	55510d634aee2624c7fd33c41edd3129	1385	https://downloads.hmpdacc.org/dacc/hhs/genome/microbiome/wgs/analysis/hmgs/v1/PGA/SRS042628/SRS042628-annotation.slimmap.v2.bz2	faab18e1a137731cffda88256095a055
c3da055b4f1c6b91a79d82ec2eb6fe93	6d5206a2b0f44e7012bfb75bf6b4bf91	4442260	https://downloads.hmpdacc.org/dacc/hhs/genome/microbiome/wgs/analysis/hmgoi/v1/GeneAbundances/SRS042628.genels.txt.bz2	faab18e1a137731cffda88256095a055
1670203039de370df9a35a04373371e1	3506de68b03d32c38c7248f45a540cba	7665	https://downloads.hmpdacc.org/dacc/hhs/genome/microbiome/wgs/analysis/hmmrc/v1/SRS011271_vs_KEGG_v54.tar.bz2	faab18e1a137731cffda88256020fa0c
c3da055b4f1c6b91a79d82ec2ea4a2ca	f5e8fe78f35b509291ffe9e36d0bf625	4442260	https://downloads.hmpdacc.org/dacc/hhs/genome/microbiome/wgs/analysis/hmgoi/v1/GeneAbundances/SRS011271.genels.txt.bz2	faab18e1a137731cffda88256020fa0c
c3da055b4f1c6b91a79d82ec2ebc99c5	0094d3371884e46265a8d7177c6f5eff	1388	https://downloads.hmpdacc.org/dacc/hhs/genome/microbiome/wgs/analysis/hmgs/v1/PGA/SRS011271/SRS011271-annotation.slimmap.v2.bz2	faab18e1a137731cffda88256020fa0c
c3da055b4f1c6b91a79d82ec2eac9800	a9f09189d2cfa4b14af9aba8071919ed	4442260	https://downloads.hmpdacc.org/dacc/hhs/genome/microbiome/wgs/analysis/hmgoi/v1/GeneAbundances/SRS017821.genels.txt.bz2	faab18e1a137731cffda8825604940ed
1670203039de370df9a35a04373bb3c8	1743aa1b870ead6cce3c22e7a3f5ed12	7665	https://downloads.hmpdacc.org/dacc/hhs/genome/microbiome/wgs/analysis/hmmrc/v1/SRS017821_vs_KEGG_v54.tar.bz2	faab18e1a137731cffda8825604940ed
c3da055b4f1c6b91a79d82ec2ec44231	dd7955c820606dd9e16dcf1db0d683d1	1387	https://downloads.hmpdacc.org/dacc/hhs/genome/microbiome/wgs/analysis/hmgs/v1/PGA/SRS017821/SRS017821-annotation.slimmap.v2.bz2	faab18e1a137731cffda8825604940ed
c3da055b4f1c6b91a79d82ec2ebd1afd	27cfac3493f350c752bb1ecd35ccefe9	1384	https://downloads.hmpdacc.org/dacc/hhs/genome/microbiome/wgs/analysis/hmgs/v1/PGA/SRS011405/SRS011405-annotation.slimmap.v2.bz2	faab18e1a137731cffda882560236d6a
c3da055b4f1c6b91a79d82ec2ea513d9	00ac0fed0a9b3ef217e5ff0856873952	4442260	https://downloads.hmpdacc.org/dacc/hhs/genome/microbiome/wgs/analysis/hmgoi/v1/GeneAbundances/SRS011405.genels.txt.bz2	faab18e1a137731cffda882560236d6a
1670203039de370df9a35a04373415df	910371cdc52061ab34c648f50ea04a61	7665	https://downloads.hmpdacc.org/dacc/hhs/genome/microbiome/wgs/analysis/hmmrc/v1/SRS011405_vs_KEGG_v54.tar.bz2	faab18e1a137731cffda882560236d6a
c3da055b4f1c6b91a79d82ec2ec38122	ca50cca0febef00a86fc3a8d54849b1e	1366	https://downloads.hmpdacc.org/dacc/hhs/genome/microbiome/wgs/analysis/hmgs/v1/PGA/SRS017247/SRS017247-annotation.slimmap.v2.bz2	faab18e1a137731cffda88256044e8b3
1670203039de370df9a35a04373af464	bdde30ef6342e8b149544dfa3f4e6bb1	7665	https://downloads.hmpdacc.org/dacc/hhs/genome/microbiome/wgs/analysis/hmmrc/v1/SRS017247_vs_KEGG_v54.tar.bz2	faab18e1a137731cffda88256044e8b3
c3da055b4f1c6b91a79d82ec2eabf626	5e68c5ceb6caf491992d0c3774f23c20	4442260	https://downloads.hmpdacc.org/dacc/hhs/genome/microbiome/wgs/analysis/hmgoi/v1/GeneAbundances/SRS017247.genels.txt.bz2	faab18e1a137731cffda88256044e8b3
1670203039de370df9a35a04373bcb67	da3fdb108c3145e8046b76009b4af331	7665	https://downloads.hmpdacc.org/dacc/hhs/genome/microbiome/wgs/analysis/hmmrc/v1/SRS018133_vs_KEGG_v54.tar.bz2	faab18e1a137731cffda8825604ba15c
c3da055b4f1c6b91a79d82ec2ec45be7	a0cbc1d3ee1cd4069b9754e874937c68	1354	https://downloads.hmpdacc.org/dacc/hhs/genome/microbiome/wgs/analysis/hmgs/v1/PGA/SRS018133/SRS018133-annotation.slimmap.v2.bz2	faab18e1a137731cffda8825604ba15c
c3da055b4f1c6b91a79d82ec2eacb7b9	99d3ba03ac75719c36873c4fe81a896f	4442260	https://downloads.hmpdacc.org/dacc/hhs/genome/microbiome/wgs/analysis/hmgoi/v1/GeneAbundances/SRS018133.genels.txt.bz2	faab18e1a137731cffda8825604ba15c
c3da055b4f1c6b91a79d82ec2ec31764	814ce60ae9e7151b50af6c3513ff8693	1377	https://downloads.hmpdacc.org/dacc/hhs/genome/microbiome/wgs/analysis/hmgs/v1/PGA/SRS011586/SRS011586-annotation.slimmap.v2.bz2	faab18e1a137731cffda882560408347
c3da055b4f1c6b91a79d82ec2eab4c3e	4de8851584cb5056524f9119bf962904	4442260	https://downloads.hmpdacc.org/dacc/hhs/genome/microbiome/wgs/analysis/hmgoi/v1/GeneAbundances/SRS011586.genels.txt.bz2	faab18e1a137731cffda882560408347
1670203039de370df9a35a04373a417e	093cf4f9d0f4e43fdbed8e70acb11a44	7665	https://downloads.hmpdacc.org/dacc/hhs/genome/microbiome/wgs/analysis/hmmrc/v1/SRS011586_vs_KEGG_v54.tar.bz2	faab18e1a137731cffda882560408347
c3da055b4f1c6b91a79d82ec2ec4e43a	9c3a34509387689e356ebd3a189f1e5f	1372	https://downloads.hmpdacc.org/dacc/hhs/genome/microbiome/wgs/analysis/hmgs/v1/PGA/SRS018575/SRS018575-annotation.slimmap.v2.bz2	faab18e1a137731cffda8825604f2ce3
c3da055b4f1c6b91a79d82ec2ead43ec	7a5a9048f2ad43c7f9a85c23f6c8b3bc	4442260	https://downloads.hmpdacc.org/dacc/hhs/genome/microbiome/wgs/analysis/hmgoi/v1/GeneAbundances/SRS018575.genels.txt.bz2	faab18e1a137731cffda8825604f2ce3
1670203039de370df9a35a04373c6a2d	4ac44d7dc14f0d52eb092909c8162bab	7665	https://downloads.hmpdacc.org/dacc/hhs/genome/microbiome/wgs/analysis/hmmrc/v1/SRS018575_vs_KEGG_v54.tar.bz2	faab18e1a137731cffda8825604f2ce3
c3da055b4f1c6b91a79d82ec2ea63c1d	fd9aa6c267014d8d67c3fd3c2d794d48	4442260	https://downloads.hmpdacc.org/dacc/hhs/genome/microbiome/wgs/analysis/hmgoi/v1/GeneAbundances/SRS014459.genels.txt.bz2	faab18e1a137731cffda8825602bb2c4
c3da055b4f1c6b91a79d82ec2ebe49b9	7889a6ba1f68db52ea929bb095e474a7	1391	https://downloads.hmpdacc.org/dacc/hhs/genome/microbiome/wgs/analysis/hmgs/v1/PGA/SRS014459/SRS014459-annotation.slimmap.v2.bz2	faab18e1a137731cffda8825602bb2c4
1670203039de370df9a35a04373541fd	bf6971f7c8aabccf97dc523bcc1bf953	7665	https://downloads.hmpdacc.org/dacc/hhs/genome/microbiome/wgs/analysis/hmmrc/v1/SRS014459_vs_KEGG_v54.tar.bz2	faab18e1a137731cffda8825602bb2c4
1670203039de370df9a35a0437488933	85f5b51356089205128f7624797eac00	7665	https://downloads.hmpdacc.org/dacc/hhs/genome/microbiome/wgs/analysis/hmmrc/v1/SRS064645_vs_KEGG_v54.tar.bz2	faab18e1a137731cffda882560b6695c
c3da055b4f1c6b91a79d82ec2ed0c01a	8d60438102b8d663fdd695d93024c820	1359	https://downloads.hmpdacc.org/dacc/hhs/genome/microbiome/wgs/analysis/hmgs/v1/PGA/SRS064645/SRS064645-annotation.slimmap.v2.bz2	faab18e1a137731cffda882560b6695c
c3da055b4f1c6b91a79d82ec2eb9f425	676d0b1ec2eeefb563ca48b0b72174fb	4442260	https://downloads.hmpdacc.org/dacc/hhs/genome/microbiome/wgs/analysis/hmgoi/v1/GeneAbundances/SRS064645.genels.txt.bz2	faab18e1a137731cffda882560b6695c
1670203039de370df9a35a04373f8f91	bfd91780d1e6d76ca1f976c68e7dced7	7665	https://downloads.hmpdacc.org/dacc/hhs/genome/microbiome/wgs/analysis/hmmrc/v1/SRS045713_vs_KEGG_v54.tar.bz2	faab18e1a137731cffda8825605bede5
c3da055b4f1c6b91a79d82ec2eb059f6	6b958a99eb4ba644136737b4c1c32ccb	4442260	https://downloads.hmpdacc.org/dacc/hhs/genome/microbiome/wgs/analysis/hmgoi/v1/GeneAbundances/SRS045713.genels.txt.bz2	faab18e1a137731cffda8825605bede5
c3da055b4f1c6b91a79d82ec2ec7fe20	d1754632e35405b2e1658b747bf9c9a4	1372	https://downloads.hmpdacc.org/dacc/hhs/genome/microbiome/wgs/analysis/hmgs/v1/PGA/SRS045713/SRS045713-annotation.slimmap.v2.bz2	faab18e1a137731cffda8825605bede5
c3da055b4f1c6b91a79d82ec2eb4c759	57c2e42c7a26dfe0bae067cfc03fbabd	4442260	https://downloads.hmpdacc.org/dacc/hhs/genome/microbiome/wgs/analysis/hmgoi/v1/GeneAbundances/SRS024435.genels.txt.bz2	faab18e1a137731cffda882560840370
c3da055b4f1c6b91a79d82ec2ecc00ce	2cbd9cf61e68ea7ed2aafba4201e7a44	1393	https://downloads.hmpdacc.org/dacc/hhs/genome/microbiome/wgs/analysis/hmgs/v1/PGA/SRS024435/SRS024435-annotation.slimmap.v2.bz2	faab18e1a137731cffda882560840370
1670203039de370df9a35a04374380ae	5404a8ee7bbc05a44392d16fc6da0add	7665	https://downloads.hmpdacc.org/dacc/hhs/genome/microbiome/wgs/analysis/hmmrc/v1/SRS024435_vs_KEGG_v54.tar.bz2	faab18e1a137731cffda882560840370
1670203039de370df9a35a04373b5867	23d3d2448e424a0bab7bbd84c95955b3	7665	https://downloads.hmpdacc.org/dacc/hhs/genome/microbiome/wgs/analysis/hmmrc/v1/SRS017521_vs_KEGG_v54.tar.bz2	faab18e1a137731cffda882560470e96
c3da055b4f1c6b91a79d82ec2eac3a00	bcdf51175127cc7b0c76d4e22e5aefe3	4442260	https://downloads.hmpdacc.org/dacc/hhs/genome/microbiome/wgs/analysis/hmgoi/v1/GeneAbundances/SRS017521.genels.txt.bz2	faab18e1a137731cffda882560470e96
c3da055b4f1c6b91a79d82ec2ec3d34e	bce5f28c108dd7c5d25606f067a7e89f	1399	https://downloads.hmpdacc.org/dacc/hhs/genome/microbiome/wgs/analysis/hmgs/v1/PGA/SRS017521/SRS017521-annotation.slimmap.v2.bz2	faab18e1a137731cffda882560470e96
c3da055b4f1c6b91a79d82ec2eca357b	ce0528f06725d2b8848d7398a1e7f754	1374	https://downloads.hmpdacc.org/dacc/hhs/genome/microbiome/wgs/analysis/hmgs/v1/PGA/SRS023176/SRS023176-annotation.slimmap.v2.bz2	faab18e1a137731cffda882560788abb
c3da055b4f1c6b91a79d82ec2ebccf8b	fbc82353ca73ab93c21f3b2826e6e32b	1381	https://downloads.hmpdacc.org/dacc/hhs/genome/microbiome/wgs/analysis/hmgs/v1/PGA/SRS013158/SRS013158-annotation.slimmap.v2.bz2	faab18e1a137731cffda882560226ddc
1670203039de370df9a35a043733b964	d3e63b291cd357c43cf0387c196c3fec	7665	https://downloads.hmpdacc.org/dacc/hhs/genome/microbiome/wgs/analysis/hmmrc/v1/SRS013158_vs_KEGG_v54.tar.bz2	faab18e1a137731cffda882560226ddc
c3da055b4f1c6b91a79d82ec2ea4cce0	e808b719b7d8cdfed15300c295f6fffb	4442260	https://downloads.hmpdacc.org/dacc/hhs/genome/microbiome/wgs/analysis/hmgoi/v1/GeneAbundances/SRS013158.genels.txt.bz2	faab18e1a137731cffda882560226ddc
1670203039de370df9a35a043746e22d	986ca0ad464597adec91fcd747eae167	7665	https://downloads.hmpdacc.org/dacc/hhs/genome/microbiome/wgs/analysis/hmmrc/v1/SRS054590_vs_KEGG_v54.tar.bz2	faab18e1a137731cffda8825609a5f46
c3da055b4f1c6b91a79d82ec2ecf3ff0	65a6c6925352d831c7d55abe30e11e76	1356	https://downloads.hmpdacc.org/dacc/hhs/genome/microbiome/wgs/analysis/hmgs/v1/PGA/SRS054590/SRS054590-annotation.slimmap.v2.bz2	faab18e1a137731cffda8825609a5f46
c3da055b4f1c6b91a79d82ec2eb83986	6b615dd80721559b815f00939c26f68a	4442260	https://downloads.hmpdacc.org/dacc/hhs/genome/microbiome/wgs/analysis/hmgoi/v1/GeneAbundances/SRS054590.genels.txt.bz2	faab18e1a137731cffda8825609a5f46
c3da055b4f1c6b91a79d82ec2eabfb2d	6f660b81d486fca54cdaaaba83a81dd5	4442260	https://downloads.hmpdacc.org/dacc/hhs/genome/microbiome/wgs/analysis/hmgoi/v1/GeneAbundances/SRS017433.genels.txt.bz2	faab18e1a137731cffda882560464cc1
c3da055b4f1c6b91a79d82ec2ec3972e	4d9e7e8269c48ef0e9154dc44009cb1f	1381	https://downloads.hmpdacc.org/dacc/hhs/genome/microbiome/wgs/analysis/hmgs/v1/PGA/SRS017433/SRS017433-annotation.slimmap.v2.bz2	faab18e1a137731cffda882560464cc1
1670203039de370df9a35a04373b1f13	fa0b6e1cfe32acbdae31c07da7e19599	7665	https://downloads.hmpdacc.org/dacc/hhs/genome/microbiome/wgs/analysis/hmmrc/v1/SRS017433_vs_KEGG_v54.tar.bz2	faab18e1a137731cffda882560464cc1
c3da055b4f1c6b91a79d82ec2ed17dc6	a636e13c4387a0054eb1a5dcac127ee7	1402	https://downloads.hmpdacc.org/dacc/hhs/genome/microbiome/wgs/analysis/hmgs/v1/PGA/SRS064276/SRS064276-annotation.slimmap.v2.bz2	faab18e1a137731cffda882560c78425
1670203039de370df9a35a04374949ad	e260224ea77b71c733d6300ce287be59	7665	https://downloads.hmpdacc.org/dacc/hhs/genome/microbiome/wgs/analysis/hmmrc/v1/SRS064276_vs_KEGG_v54.tar.bz2	faab18e1a137731cffda882560c78425
c3da055b4f1c6b91a79d82ec2ebae657	81ff2235243995c12dd7c31849b020cc	4442260	https://downloads.hmpdacc.org/dacc/hhs/genome/microbiome/wgs/analysis/hmgoi/v1/GeneAbundances/SRS064276.genels.txt.bz2	faab18e1a137731cffda882560c78425
c3da055b4f1c6b91a79d82ec2eb00a6e	15726072e174a9701a87dc1323140ae9	4442260	https://downloads.hmpdacc.org/dacc/hhs/genome/microbiome/wgs/analysis/hmgoi/v1/GeneAbundances/SRS019910.genels.txt.bz2	faab18e1a137731cffda88256059e68f
c3da055b4f1c6b91a79d82ec2ec79c92	04641ff762a60885a5565b7d7de533e0	1371	https://downloads.hmpdacc.org/dacc/hhs/genome/microbiome/wgs/analysis/hmgs/v1/PGA/SRS019910/SRS019910-annotation.slimmap.v2.bz2	faab18e1a137731cffda88256059e68f
1670203039de370df9a35a04373f2f2e	32ecc5b743f8327954aead09f4d29824	7665	https://downloads.hmpdacc.org/dacc/hhs/genome/microbiome/wgs/analysis/hmmrc/v1/SRS019910_vs_KEGG_v54.tar.bz2	faab18e1a137731cffda88256059e68f
c3da055b4f1c6b91a79d82ec2eb2fb89	8bf101f2b7b44082618f27abb7475492	4442260	https://downloads.hmpdacc.org/dacc/hhs/genome/microbiome/wgs/analysis/hmgoi/v1/GeneAbundances/SRS023526.genels.txt.bz2	faab18e1a137731cffda8825607b8e21
1670203039de370df9a35a043741fe48	3954515a699d3a9e23f2e6090e1ec4b0	7665	https://downloads.hmpdacc.org/dacc/hhs/genome/microbiome/wgs/analysis/hmmrc/v1/SRS023526_vs_KEGG_v54.tar.bz2	faab18e1a137731cffda8825607b8e21
c3da055b4f1c6b91a79d82ec2eca53f0	4d02ca2261151e9c4a9cba829a761d1c	1393	https://downloads.hmpdacc.org/dacc/hhs/genome/microbiome/wgs/analysis/hmgs/v1/PGA/SRS023526/SRS023526-annotation.slimmap.v2.bz2	faab18e1a137731cffda8825607b8e21
1670203039de370df9a35a04374733ed	53c38e173cf1670535209d50aaace53c	7665	https://downloads.hmpdacc.org/dacc/hhs/genome/microbiome/wgs/analysis/hmmrc/v1/SRS047044_vs_KEGG_v54.tar.bz2	faab18e1a137731cffda8825609bf5f8
c3da055b4f1c6b91a79d82ec2eb86a15	601a56f16b4c74b8d6d9a09f53f3bd99	4442260	https://downloads.hmpdacc.org/dacc/hhs/genome/microbiome/wgs/analysis/hmgoi/v1/GeneAbundances/SRS047044.genels.txt.bz2	faab18e1a137731cffda8825609bf5f8
c3da055b4f1c6b91a79d82ec2ecf7e4f	2206ff9ae1cc2f8cc4bf57045342ea17	1378	https://downloads.hmpdacc.org/dacc/hhs/genome/microbiome/wgs/analysis/hmgs/v1/PGA/SRS047044/SRS047044-annotation.slimmap.v2.bz2	faab18e1a137731cffda8825609bf5f8
1670203039de370df9a35a04373423f0	ac526f69a6640c2ae6b9d92ccb80278f	7665	https://downloads.hmpdacc.org/dacc/hhs/genome/microbiome/wgs/analysis/hmmrc/v1/SRS013476_vs_KEGG_v54.tar.bz2	faab18e1a137731cffda88256025d2f7
c3da055b4f1c6b91a79d82ec2ea52de9	8d4d84be1e5cfe3cad0128fd6d16525d	4442260	https://downloads.hmpdacc.org/dacc/hhs/genome/microbiome/wgs/analysis/hmgoi/v1/GeneAbundances/SRS013476.genels.txt.bz2	faab18e1a137731cffda88256025d2f7
c3da055b4f1c6b91a79d82ec2ebd29aa	9934d1a6aa75480e15814a182c78b96f	1405	https://downloads.hmpdacc.org/dacc/hhs/genome/microbiome/wgs/analysis/hmgs/v1/PGA/SRS013476/SRS013476-annotation.slimmap.v2.bz2	faab18e1a137731cffda88256025d2f7
c3da055b4f1c6b91a79d82ec2eabf831	1dcec291beb08fc909b4185fe0115028	4442260	https://downloads.hmpdacc.org/dacc/hhs/genome/microbiome/wgs/analysis/hmgoi/v1/GeneAbundances/SRS017307.genels.txt.bz2	faab18e1a137731cffda88256045470a
c3da055b4f1c6b91a79d82ec2ec3959a	3c76f054a8c004da7ee2250e2ba5ff91	1391	https://downloads.hmpdacc.org/dacc/hhs/genome/microbiome/wgs/analysis/hmgs/v1/PGA/SRS017307/SRS017307-annotation.slimmap.v2.bz2	faab18e1a137731cffda88256045470a
1670203039de370df9a35a04373b101d	b6fd07e44c791026ab3cbd0b8be75cb9	7665	https://downloads.hmpdacc.org/dacc/hhs/genome/microbiome/wgs/analysis/hmmrc/v1/SRS017307_vs_KEGG_v54.tar.bz2	faab18e1a137731cffda88256045470a
c3da055b4f1c6b91a79d82ec2eace8e6	e13228789060dbeeae37ef3008fea046	4442260	https://downloads.hmpdacc.org/dacc/hhs/genome/microbiome/wgs/analysis/hmgoi/v1/GeneAbundances/SRS018313.genels.txt.bz2	faab18e1a137731cffda8825604d25fe
1670203039de370df9a35a04373c01e9	f967f9d402209534695815c2ba0d4846	7665	https://downloads.hmpdacc.org/dacc/hhs/genome/microbiome/wgs/analysis/hmmrc/v1/SRS018313_vs_KEGG_v54.tar.bz2	faab18e1a137731cffda8825604d25fe
c3da055b4f1c6b91a79d82ec2eb254a7	f8f802ee4f0e21d203360e056309f6cf	4442260	https://downloads.hmpdacc.org/dacc/hhs/genome/microbiome/wgs/analysis/hmgoi/v1/GeneAbundances/SRS022524.genels.txt.bz2	faab18e1a137731cffda8825607332e5
1670203039de370df9a35a043741628d	5afd4a10fe09fa6fb7c324eecbead75d	7665	https://downloads.hmpdacc.org/dacc/hhs/genome/microbiome/wgs/analysis/hmmrc/v1/SRS022524_vs_KEGG_v54.tar.bz2	faab18e1a137731cffda8825607332e5
c3da055b4f1c6b91a79d82ec2ecbe31a	12bab2995735d5eda2fc9049c4f3ba92	1371	https://downloads.hmpdacc.org/dacc/hhs/genome/microbiome/wgs/analysis/hmgs/v1/PGA/SRS024388/SRS024388-annotation.slimmap.v2.bz2	faab18e1a137731cffda882560836e0b
c3da055b4f1c6b91a79d82ec2eb49fb4	2132e88d933bd041f206620a99d3c231	4442260	https://downloads.hmpdacc.org/dacc/hhs/genome/microbiome/wgs/analysis/hmgoi/v1/GeneAbundances/SRS024388.genels.txt.bz2	faab18e1a137731cffda882560836e0b
1670203039de370df9a35a0437435b7e	b4dbbe21312a9f084e05f60203ae0d9b	7665	https://downloads.hmpdacc.org/dacc/hhs/genome/microbiome/wgs/analysis/hmmrc/v1/SRS024388_vs_KEGG_v54.tar.bz2	faab18e1a137731cffda882560836e0b
c3da055b4f1c6b91a79d82ec2ec15921	f2cb12f7ff8ad63c354a2a5b7aad6085	1384	https://downloads.hmpdacc.org/dacc/hhs/genome/microbiome/wgs/analysis/hmgs/v1/PGA/SRS015854/SRS015854-annotation.slimmap.v2.bz2	faab18e1a137731cffda88256037c99b
1670203039de370df9a35a0437385822	7d1fc695dee672645b5a415ed72ce2ef	7665	https://downloads.hmpdacc.org/dacc/hhs/genome/microbiome/wgs/analysis/hmmrc/v1/SRS015854.tar.bz2	faab18e1a137731cffda88256037c99b
c3da055b4f1c6b91a79d82ec2ea904ea	5eedd1581a792e72968555436220b1be	4442260	https://downloads.hmpdacc.org/dacc/hhs/genome/microbiome/wgs/analysis/hmgoi/v1/GeneAbundances/SRS015854.genels.txt.bz2	faab18e1a137731cffda88256037c99b
c3da055b4f1c6b91a79d82ec2ecf6375	17dd07cc7a4d3ab248a723d1796af69d	1362	https://downloads.hmpdacc.org/dacc/hhs/genome/microbiome/wgs/analysis/hmgs/v1/PGA/SRS050299/SRS050299-annotation.slimmap.v2.bz2	faab18e1a137731cffda8825609b904d
1670203039de370df9a35a043746ff67	c11550e16d48b760c32eafbcb351d280	7665	https://downloads.hmpdacc.org/dacc/hhs/genome/microbiome/wgs/analysis/hmmrc/v1/SRS050299_vs_KEGG_v54.tar.bz2	faab18e1a137731cffda8825609b904d
c3da055b4f1c6b91a79d82ec2eb85674	b0d07113acc6a5f8935a468ea479110d	4442260	https://downloads.hmpdacc.org/dacc/hhs/genome/microbiome/wgs/analysis/hmgoi/v1/GeneAbundances/SRS050299.genels.txt.bz2	faab18e1a137731cffda8825609b904d
c3da055b4f1c6b91a79d82ec2ec4ce08	2c04535f3c87a8c1ead12bcbed03901e	1395	https://downloads.hmpdacc.org/dacc/hhs/genome/microbiome/wgs/analysis/hmgs/v1/PGA/SRS018427/SRS018427-annotation.slimmap.v2.bz2	faab18e1a137731cffda8825604dd8e1
1670203039de370df9a35a04373c4c9d	9584041769cb2bc5442a19607372cc8a	7665	https://downloads.hmpdacc.org/dacc/hhs/genome/microbiome/wgs/analysis/hmmrc/v1/SRS018427_vs_KEGG_v54.tar.bz2	faab18e1a137731cffda8825604dd8e1
c3da055b4f1c6b91a79d82ec2ead2af6	1762cae82da93dbd38b616277b312f7c	4442260	https://downloads.hmpdacc.org/dacc/hhs/genome/microbiome/wgs/analysis/hmgoi/v1/GeneAbundances/SRS018427.genels.txt.bz2	faab18e1a137731cffda8825604dd8e1
c3da055b4f1c6b91a79d82ec2ecff031	023c308f9e8592125565dcf1c89b3fc9	1367	https://downloads.hmpdacc.org/dacc/hhs/genome/microbiome/wgs/analysis/hmgs/v1/PGA/SRS049900/SRS049900-annotation.slimmap.v2.bz2	faab18e1a137731cffda8825609f33bf
1670203039de370df9a35a043747baeb	8deaed474a2a6ee45db1046f8c928502	7665	https://downloads.hmpdacc.org/dacc/hhs/genome/microbiome/wgs/analysis/hmmrc/v1/SRS049900_vs_KEGG_v54.tar.bz2	faab18e1a137731cffda8825609f33bf
c3da055b4f1c6b91a79d82ec2eb903d1	8fb74285ae751cd602e33d8b51231f05	4442260	https://downloads.hmpdacc.org/dacc/hhs/genome/microbiome/wgs/analysis/hmgoi/v1/GeneAbundances/SRS049900.genels.txt.bz2	faab18e1a137731cffda8825609f33bf
1670203039de370df9a35a04373a29e7	a9c26d9af3a0b7790ced5313a22a8a28	7665	https://downloads.hmpdacc.org/dacc/hhs/genome/microbiome/wgs/analysis/hmmrc/v1/SRS016753_vs_KEGG_v54.tar.bz2	faab18e1a137731cffda8825603fcf2a
c3da055b4f1c6b91a79d82ec2ec307b3	bbfa08f6a38da0221e40902dc511d48b	1361	https://downloads.hmpdacc.org/dacc/hhs/genome/microbiome/wgs/analysis/hmgs/v1/PGA/SRS016753/SRS016753-annotation.slimmap.v2.bz2	faab18e1a137731cffda8825603fcf2a
c3da055b4f1c6b91a79d82ec2eab34e6	8d355200135b8c32914019e64fdc1700	4442260	https://downloads.hmpdacc.org/dacc/hhs/genome/microbiome/wgs/analysis/hmgoi/v1/GeneAbundances/SRS016753.genels.txt.bz2	faab18e1a137731cffda8825603fcf2a
c3da055b4f1c6b91a79d82ec2eb457d4	8f32aead521b145d61f4b7728b8a9fdd	4442260	https://downloads.hmpdacc.org/dacc/hhs/genome/microbiome/wgs/analysis/hmgoi/v1/GeneAbundances/SRS024331.genels.txt.bz2	faab18e1a137731cffda88256082f5e2
1670203039de370df9a35a043743346b	4550a0e7847f9fc191474b276fb8c9b5	7665	https://downloads.hmpdacc.org/dacc/hhs/genome/microbiome/wgs/analysis/hmmrc/v1/SRS024331_vs_KEGG_v54.tar.bz2	faab18e1a137731cffda88256082f5e2
c3da055b4f1c6b91a79d82ec2ecb9fa0	86e02eb498ecf906c4516d589b274fd1	1403	https://downloads.hmpdacc.org/dacc/hhs/genome/microbiome/wgs/analysis/hmgs/v1/PGA/SRS024331/SRS024331-annotation.slimmap.v2.bz2	faab18e1a137731cffda88256082f5e2
1670203039de370df9a35a04374927de	87deda2c0016d042b1590a617dddcb4c	7665	https://downloads.hmpdacc.org/dacc/hhs/genome/microbiome/wgs/analysis/hmmrc/v1/SRS065504_vs_KEGG_v54.tar.bz2	faab18e1a137731cffda882560c727de
c3da055b4f1c6b91a79d82ec2ebab8f8	62ff5c9d7971fe6d4ab57a6e20b31071	4442260	https://downloads.hmpdacc.org/dacc/hhs/genome/microbiome/wgs/analysis/hmgoi/v1/GeneAbundances/SRS065504.genels.txt.bz2	faab18e1a137731cffda882560c727de
c3da055b4f1c6b91a79d82ec2ed15235	4e8f84aa8dd5ca2f486a4461ead05b27	1392	https://downloads.hmpdacc.org/dacc/hhs/genome/microbiome/wgs/analysis/hmgs/v1/PGA/SRS065504/SRS065504-annotation.slimmap.v2.bz2	faab18e1a137731cffda882560c727de
1670203039de370df9a35a0437358f84	0789f5e707cca335ea5c15aa08b621ff	7665	https://downloads.hmpdacc.org/dacc/hhs/genome/microbiome/wgs/analysis/hmmrc/v1/SRS014613_vs_KEGG_v54.tar.bz2	faab18e1a137731cffda8825602cfbf0
c3da055b4f1c6b91a79d82ec2ebeeb3a	68a36c748440bd676e2d85fc7166fd17	1395	https://downloads.hmpdacc.org/dacc/hhs/genome/microbiome/wgs/analysis/hmgs/v1/PGA/SRS014613/SRS014613-annotation.slimmap.v2.bz2	faab18e1a137731cffda8825602cfbf0
c3da055b4f1c6b91a79d82ec2ea6c6ff	8a93ffdc6a798b4da7900b538f0864a8	4442260	https://downloads.hmpdacc.org/dacc/hhs/genome/microbiome/wgs/analysis/hmgoi/v1/GeneAbundances/SRS014613.genels.txt.bz2	faab18e1a137731cffda8825602cfbf0
c3da055b4f1c6b91a79d82ec2ec2e6d8	d4edebd2517768f4e15701ac14cfb2b0	1365	https://downloads.hmpdacc.org/dacc/hhs/genome/microbiome/wgs/analysis/hmgs/v1/PGA/SRS016585/SRS016585-annotation.slimmap.v2.bz2	faab18e1a137731cffda8825603e74a0
c3da055b4f1c6b91a79d82ec2eaafc3a	c4d3e7f41a0877e0ae4b17d57dcd27ce	4442260	https://downloads.hmpdacc.org/dacc/hhs/genome/microbiome/wgs/analysis/hmgoi/v1/GeneAbundances/SRS016585.genels.txt.bz2	faab18e1a137731cffda8825603e74a0
c3da055b4f1c6b91a79d82ec2ec03a9e	b8868c117c8e92b097a9214a4f6f2e46	1391	https://downloads.hmpdacc.org/dacc/hhs/genome/microbiome/wgs/analysis/hmgs/v1/PGA/SRS015264/SRS015264-annotation.slimmap.v2.bz2	faab18e1a137731cffda88256032fb39
c3da055b4f1c6b91a79d82ec2ea7f7e6	b5e94f92d1ff37910a2259b8c72d59da	4442260	https://downloads.hmpdacc.org/dacc/hhs/genome/microbiome/wgs/analysis/hmgoi/v1/GeneAbundances/SRS015264.genels.txt.bz2	faab18e1a137731cffda88256032fb39
1670203039de370df9a35a043737184f	1af9d4ed32f452bc7dd9abf329b017fb	7665	https://downloads.hmpdacc.org/dacc/hhs/genome/microbiome/wgs/analysis/hmmrc/v1/SRS015264_vs_KEGG_v54.tar.bz2	faab18e1a137731cffda88256032fb39
c3da055b4f1c6b91a79d82ec2eb65141	a1b13f5e1246360e4bbdde91f1e5d92f	4442260	https://downloads.hmpdacc.org/dacc/hhs/genome/microbiome/wgs/analysis/hmgoi/v1/GeneAbundances/SRS058723.genels.txt.bz2	faab18e1a137731cffda88256091281f
c3da055b4f1c6b91a79d82ec2ecdb2a6	9a87462dc5f48877bf7dde4a41c0bc29	1369	https://downloads.hmpdacc.org/dacc/hhs/genome/microbiome/wgs/analysis/hmgs/v1/PGA/SRS058723/SRS058723-annotation.slimmap.v2.bz2	faab18e1a137731cffda88256091281f
1670203039de370df9a35a043744ff60	b07fe623a5cb89f7e50a39747e265758	7665	https://downloads.hmpdacc.org/dacc/hhs/genome/microbiome/wgs/analysis/hmmrc/v1/SRS058723_vs_KEGG_v54.tar.bz2	faab18e1a137731cffda88256091281f
c3da055b4f1c6b91a79d82ec2ece1021	ffc63cbd6d622e24026198b9e9991071	1401	https://downloads.hmpdacc.org/dacc/hhs/genome/microbiome/wgs/analysis/hmgs/v1/PGA/SRS051031/SRS051031-annotation.slimmap.v2.bz2	faab18e1a137731cffda882560927b26
1670203039de370df9a35a04374567ba	32d5020181473b4f36a203852f593d8c	7665	https://downloads.hmpdacc.org/dacc/hhs/genome/microbiome/wgs/analysis/hmmrc/v1/SRS051031_vs_KEGG_v54.tar.bz2	faab18e1a137731cffda882560927b26
c3da055b4f1c6b91a79d82ec2eb6a768	4406d351492e2139788ec1ee975b4eda	4442260	https://downloads.hmpdacc.org/dacc/hhs/genome/microbiome/wgs/analysis/hmgoi/v1/GeneAbundances/SRS051031.genels.txt.bz2	faab18e1a137731cffda882560927b26
c3da055b4f1c6b91a79d82ec2ebe37c2	b71fff0f7ecb5335335f3ac365ab87f5	1377	https://downloads.hmpdacc.org/dacc/hhs/genome/microbiome/wgs/analysis/hmgs/v1/PGA/SRS014287/SRS014287-annotation.slimmap.v2.bz2	faab18e1a137731cffda8825602a39c9
c3da055b4f1c6b91a79d82ec2ea6252f	3f500025290231e0ca9cb3b6ea7219d2	4442260	https://downloads.hmpdacc.org/dacc/hhs/genome/microbiome/wgs/analysis/hmgoi/v1/GeneAbundances/SRS014287.genels.txt.bz2	faab18e1a137731cffda8825602a39c9
1670203039de370df9a35a04373529f0	8e7d2a1f0abc414d8d68fa7600b49a6e	7665	https://downloads.hmpdacc.org/dacc/hhs/genome/microbiome/wgs/analysis/hmmrc/v1/SRS014287_vs_KEGG_v54.tar.bz2	faab18e1a137731cffda8825602a39c9
c3da055b4f1c6b91a79d82ec2eb4dac3	1a06d9f69c548f21ce4132a7d81aa7cf	4442260	https://downloads.hmpdacc.org/dacc/hhs/genome/microbiome/wgs/analysis/hmgoi/v1/GeneAbundances/SRS024549.genels.txt.bz2	faab18e1a137731cffda88256085678a
1670203039de370df9a35a043743b25f	3b0c62108b0c88a4bc4f4efc3f8dc0a9	7665	https://downloads.hmpdacc.org/dacc/hhs/genome/microbiome/wgs/analysis/hmmrc/v1/SRS024549_vs_KEGG_v54.tar.bz2	faab18e1a137731cffda88256085678a
c3da055b4f1c6b91a79d82ec2ecc26d7	e81082989bfb223d8c660970524e81c0	1368	https://downloads.hmpdacc.org/dacc/hhs/genome/microbiome/wgs/analysis/hmgs/v1/PGA/SRS024549/SRS024549-annotation.slimmap.v2.bz2	faab18e1a137731cffda88256085678a
1670203039de370df9a35a0437394acd	1bf6c47d02c8afd8714e77c7f351ab02	7665	https://downloads.hmpdacc.org/dacc/hhs/genome/microbiome/wgs/analysis/hmmrc/v1/SRS016203_vs_KEGG_v54.tar.bz2	faab18e1a137731cffda8825603b06ce
c3da055b4f1c6b91a79d82ec2eaa0789	c1635635a202441b2b694ca66de4841a	4442260	https://downloads.hmpdacc.org/dacc/hhs/genome/microbiome/wgs/analysis/hmgoi/v1/GeneAbundances/SRS016203.genels.txt.bz2	faab18e1a137731cffda8825603b06ce
c3da055b4f1c6b91a79d82ec2ec221e5	b37d5ffb48206fc5409632fa7b183c76	1365	https://downloads.hmpdacc.org/dacc/hhs/genome/microbiome/wgs/analysis/hmgs/v1/PGA/SRS016203/SRS016203-annotation.slimmap.v2.bz2	faab18e1a137731cffda8825603b06ce
1670203039de370df9a35a043748198d	820e1a008a91c605bf8311f63edd43fa	7665	https://downloads.hmpdacc.org/dacc/hhs/genome/microbiome/wgs/analysis/hmmrc/v1/SRS057717_vs_KEGG_v54.tar.bz2	faab18e1a137731cffda882560b11407
c3da055b4f1c6b91a79d82ec2ed03928	6a60fa30fd8935318bae70a07e6e1172	1345	https://downloads.hmpdacc.org/dacc/hhs/genome/microbiome/wgs/analysis/hmgs/v1/PGA/SRS057717/SRS057717-annotation.slimmap.v2.bz2	faab18e1a137731cffda882560b11407
c3da055b4f1c6b91a79d82ec2eb980be	67bc0e58cc914e6b6e3b3b380533dee7	4442260	https://downloads.hmpdacc.org/dacc/hhs/genome/microbiome/wgs/analysis/hmgoi/v1/GeneAbundances/SRS057717.genels.txt.bz2	faab18e1a137731cffda882560b11407
c3da055b4f1c6b91a79d82ec2ebd84a9	1b686729d418a4c1f38ee317d52df47e	1371	https://downloads.hmpdacc.org/dacc/hhs/genome/microbiome/wgs/analysis/hmgs/v1/PGA/SRS013800/SRS013800-annotation.slimmap.v2.bz2	faab18e1a137731cffda882560289402
1670203039de370df9a35a0437347f44	9a6bdf6da0345b6d2a999b4dd0d58c88	7665	https://downloads.hmpdacc.org/dacc/hhs/genome/microbiome/wgs/analysis/hmmrc/v1/SRS013800_vs_KEGG_v54.tar.bz2	faab18e1a137731cffda882560289402
c3da055b4f1c6b91a79d82ec2ea5892f	d7027d0523c96b99d3b2476832246478	4442260	https://downloads.hmpdacc.org/dacc/hhs/genome/microbiome/wgs/analysis/hmgoi/v1/GeneAbundances/SRS013800.genels.txt.bz2	faab18e1a137731cffda882560289402
c3da055b4f1c6b91a79d82ec2ec86456	e14bfed36bef5e4d6b4b45def5b99b9c	1387	https://downloads.hmpdacc.org/dacc/hhs/genome/microbiome/wgs/analysis/hmgs/v1/PGA/SRS048164/SRS048164-annotation.slimmap.v2.bz2	faab18e1a137731cffda8825605d8d8e
c3da055b4f1c6b91a79d82ec2eb0de11	3cca439f7f1f5bd0e9ee3b08dd6ea622	4442260	https://downloads.hmpdacc.org/dacc/hhs/genome/microbiome/wgs/analysis/hmgoi/v1/GeneAbundances/SRS048164.genels.txt.bz2	faab18e1a137731cffda8825605d8d8e
1670203039de370df9a35a0437401d05	0999dbcd76f38573ddc2df1b8a619c49	7665	https://downloads.hmpdacc.org/dacc/hhs/genome/microbiome/wgs/analysis/hmmrc/v1/SRS048164_vs_KEGG_v54.tar.bz2	faab18e1a137731cffda8825605d8d8e
1670203039de370df9a35a043742a14f	60cdb289e46eb0dfceb0c8617e5a4a76	7665	https://downloads.hmpdacc.org/dacc/hhs/genome/microbiome/wgs/analysis/hmmrc/v1/SRS023971_vs_KEGG_v54.tar.bz2	faab18e1a137731cffda8825607f035e
c3da055b4f1c6b91a79d82ec2eb3c2f0	d05ba524211b841b91b6f83425d57d0c	4442260	https://downloads.hmpdacc.org/dacc/hhs/genome/microbiome/wgs/analysis/hmgoi/v1/GeneAbundances/SRS023971.genels.txt.bz2	faab18e1a137731cffda8825607f035e
c3da055b4f1c6b91a79d82ec2ecaf394	c90090179168dbcc146295f5c8244102	1359	https://downloads.hmpdacc.org/dacc/hhs/genome/microbiome/wgs/analysis/hmgs/v1/PGA/SRS023971/SRS023971-annotation.slimmap.v2.bz2	faab18e1a137731cffda8825607f035e
c3da055b4f1c6b91a79d82ec2eb7a9c6	5fec248e80e155ff8682efddf9022b9a	4442260	https://downloads.hmpdacc.org/dacc/hhs/genome/microbiome/wgs/analysis/hmgoi/v1/GeneAbundances/SRS049712.genels.txt.bz2	faab18e1a137731cffda88256098fb07
c3da055b4f1c6b91a79d82ec2ecec949	0b491cc0ccfd0ce1c92ea7f4693e9f10	1377	https://downloads.hmpdacc.org/dacc/hhs/genome/microbiome/wgs/analysis/hmgs/v1/PGA/SRS049712/SRS049712-annotation.slimmap.v2.bz2	faab18e1a137731cffda88256098fb07
1670203039de370df9a35a04374632e3	c4d6bc68ea5a12775b92b449046bbf58	7665	https://downloads.hmpdacc.org/dacc/hhs/genome/microbiome/wgs/analysis/hmmrc/v1/SRS049712_vs_KEGG_v54.tar.bz2	faab18e1a137731cffda88256098fb07
c3da055b4f1c6b91a79d82ec2ebb8f09	ff3318d5295e0a3942840eba17d25db4	4442260	https://downloads.hmpdacc.org/dacc/hhs/genome/microbiome/wgs/analysis/hmgoi/v1/GeneAbundances/SRS078176.genels.txt.bz2	faab18e1a137731cffda882560e69fe3
c3da055b4f1c6b91a79d82ec2ed23ea2	223f12f6842ca6e856bf5c99d14392e8	1382	https://downloads.hmpdacc.org/dacc/hhs/genome/microbiome/wgs/analysis/hmgs/v1/PGA/SRS078176/SRS078176-annotation.slimmap.v2.bz2	faab18e1a137731cffda882560e69fe3
1670203039de370df9a35a04374a12c6	6d2dac39a56e052db3720a6a684afa49	7665	https://downloads.hmpdacc.org/dacc/hhs/genome/microbiome/wgs/analysis/hmmrc/v1/SRS078176_vs_KEGG_v54.tar.bz2	faab18e1a137731cffda882560e69fe3
c3da055b4f1c6b91a79d82ec2eca3787	77ed528fce2da9179ad9af17d379c46a	1357	https://downloads.hmpdacc.org/dacc/hhs/genome/microbiome/wgs/analysis/hmgs/v1/PGA/SRS023346/SRS023346-annotation.slimmap.v2.bz2	faab18e1a137731cffda88256079f1d9
c3da055b4f1c6b91a79d82ec2eb2da14	825437a79afec5d36b47b61281c6a961	4442260	https://downloads.hmpdacc.org/dacc/hhs/genome/microbiome/wgs/analysis/hmgoi/v1/GeneAbundances/SRS023346.genels.txt.bz2	faab18e1a137731cffda88256079f1d9
1670203039de370df9a35a043741dd3c	9c2da2ed7fd6591784a4126b368233fa	7665	https://downloads.hmpdacc.org/dacc/hhs/genome/microbiome/wgs/analysis/hmmrc/v1/SRS023346_vs_KEGG_v54.tar.bz2	faab18e1a137731cffda88256079f1d9
1670203039de370df9a35a043740e1dd	38a81e29acc5f9b491af48d5cbc10b58	7665	https://downloads.hmpdacc.org/dacc/hhs/genome/microbiome/wgs/analysis/hmmrc/v1/SRS021484_vs_KEGG_v54.tar.bz2	faab18e1a137731cffda8825606abb4f
c3da055b4f1c6b91a79d82ec2ec9453f	31b7978e4e9417628e33a26bef95e91a	1384	https://downloads.hmpdacc.org/dacc/hhs/genome/microbiome/wgs/analysis/hmgs/v1/PGA/SRS021484/SRS021484-annotation.slimmap.v2.bz2	faab18e1a137731cffda8825606abb4f
c3da055b4f1c6b91a79d82ec2eb1be6c	814cb7cb3e156d0c0b1c749ff208a49f	4442260	https://downloads.hmpdacc.org/dacc/hhs/genome/microbiome/wgs/analysis/hmgoi/v1/GeneAbundances/SRS021484.genels.txt.bz2	faab18e1a137731cffda8825606abb4f
1670203039de370df9a35a0437389fb6	83113c0eb14ce64a391513b44e69be6b	7665	https://downloads.hmpdacc.org/dacc/hhs/genome/microbiome/wgs/analysis/hmmrc/v1/SRS015960_vs_KEGG_v54.tar.bz2	faab18e1a137731cffda88256038d62b
c3da055b4f1c6b91a79d82ec2ec19145	4a8da98eb9f77b17d0ee0e1c63edf199	1389	https://downloads.hmpdacc.org/dacc/hhs/genome/microbiome/wgs/analysis/hmgs/v1/PGA/SRS015960/SRS015960-annotation.slimmap.v2.bz2	faab18e1a137731cffda88256038d62b
c3da055b4f1c6b91a79d82ec2ea9408c	45d6ba3679571dca0c5f3a077280e4f4	4442260	https://downloads.hmpdacc.org/dacc/hhs/genome/microbiome/wgs/analysis/hmgoi/v1/GeneAbundances/SRS015960.genels.txt.bz2	faab18e1a137731cffda88256038d62b
1670203039de370df9a35a0437334280	5ac2cfa4eeef5a023759a111f0daf0b7	7665	https://downloads.hmpdacc.org/dacc/hhs/genome/microbiome/wgs/analysis/hmmrc/v1/SRS011239_vs_KEGG_v54.tar.bz2	faab18e1a137731cffda88256020c55f
c3da055b4f1c6b91a79d82ec2ea47654	5957983dbdc0f764474a94379eb1f7b3	4442260	https://downloads.hmpdacc.org/dacc/hhs/genome/microbiome/wgs/analysis/hmgoi/v1/GeneAbundances/SRS011239.genels.txt.bz2	faab18e1a137731cffda88256020c55f
c3da055b4f1c6b91a79d82ec2ebc790b	4be0cc3d246f08e2dda40521c8789c0d	1399	https://downloads.hmpdacc.org/dacc/hhs/genome/microbiome/wgs/analysis/hmgs/v1/PGA/SRS011239/SRS011239-annotation.slimmap.v2.bz2	faab18e1a137731cffda88256020c55f
c3da055b4f1c6b91a79d82ec2ebfe048	4db8e052cf4c2a294c788a58e7ab9869	1394	https://downloads.hmpdacc.org/dacc/hhs/genome/microbiome/wgs/analysis/hmgs/v1/PGA/SRS015133/SRS015133-annotation.slimmap.v2.bz2	faab18e1a137731cffda88256031ad2c
1670203039de370df9a35a043736bae6	ee2e603848b01853be95e5b177e877f1	7665	https://downloads.hmpdacc.org/dacc/hhs/genome/microbiome/wgs/analysis/hmmrc/v1/SRS015133_vs_KEGG_v54.tar.bz2	faab18e1a137731cffda88256031ad2c
c3da055b4f1c6b91a79d82ec2ea7bab9	1639e0bc98bd3fcc192f543535296691	4442260	https://downloads.hmpdacc.org/dacc/hhs/genome/microbiome/wgs/analysis/hmgoi/v1/GeneAbundances/SRS015133.genels.txt.bz2	faab18e1a137731cffda88256031ad2c
1670203039de370df9a35a04374078eb	cb639416da2439d0cc4f2a369bf913b7	7665	https://downloads.hmpdacc.org/dacc/hhs/genome/microbiome/wgs/analysis/hmmrc/v1/SRS020328_vs_KEGG_v54.tar.bz2	faab18e1a137731cffda8825606189f7
c3da055b4f1c6b91a79d82ec2eb15482	fc3456f2f8c57bd4c8be4a0c47dca627	4442260	https://downloads.hmpdacc.org/dacc/hhs/genome/microbiome/wgs/analysis/hmgoi/v1/GeneAbundances/SRS020328.genels.txt.bz2	faab18e1a137731cffda8825606189f7
c3da055b4f1c6b91a79d82ec2ec8e9ac	554a29d2cc688da43b87c410f03cd5f2	1391	https://downloads.hmpdacc.org/dacc/hhs/genome/microbiome/wgs/analysis/hmgs/v1/PGA/SRS020328/SRS020328-annotation.slimmap.v2.bz2	faab18e1a137731cffda8825606189f7
1670203039de370df9a35a04374865f1	a26dc7940890bcfa073020b3cef4d56b	7665	https://downloads.hmpdacc.org/dacc/hhs/genome/microbiome/wgs/analysis/hmmrc/v1/SRS063040_vs_KEGG_v54.tar.bz2	faab18e1a137731cffda882560b5c6b1
c3da055b4f1c6b91a79d82ec2eb9c9f0	e2b847c39ef836d7905866cbb5e416b3	4442260	https://downloads.hmpdacc.org/dacc/hhs/genome/microbiome/wgs/analysis/hmgoi/v1/GeneAbundances/SRS063040.genels.txt.bz2	faab18e1a137731cffda882560b5c6b1
c3da055b4f1c6b91a79d82ec2ed08288	8d7b8952ccf5746b9767d042ad99a42c	1391	https://downloads.hmpdacc.org/dacc/hhs/genome/microbiome/wgs/analysis/hmgs/v1/PGA/SRS063040/SRS063040-annotation.slimmap.v2.bz2	faab18e1a137731cffda882560b5c6b1
c3da055b4f1c6b91a79d82ec2eb5cafb	7aa90b5d66dfcc2938b2549a9c4743e1	4442260	https://downloads.hmpdacc.org/dacc/hhs/genome/microbiome/wgs/analysis/hmgoi/v1/GeneAbundances/SRS049995.genels.txt.bz2	faab18e1a137731cffda88256089ab3f
1670203039de370df9a35a0437446a46	afba6600509553648aaae0526974f532	7665	https://downloads.hmpdacc.org/dacc/hhs/genome/microbiome/wgs/analysis/hmmrc/v1/SRS049995_vs_KEGG_v54.tar.bz2	faab18e1a137731cffda88256089ab3f
c3da055b4f1c6b91a79d82ec2eccff87	d9b15da89ed449f80e01829a40e59a86	1381	https://downloads.hmpdacc.org/dacc/hhs/genome/microbiome/wgs/analysis/hmgs/v1/PGA/SRS049995/SRS049995-annotation.slimmap.v2.bz2	faab18e1a137731cffda88256089ab3f
c3da055b4f1c6b91a79d82ec2eb88632	c5d41826aeadce7727421caecfa2becd	4442260	https://downloads.hmpdacc.org/dacc/hhs/genome/microbiome/wgs/analysis/hmgoi/v1/GeneAbundances/SRS051882.genels.txt.bz2	faab18e1a137731cffda8825609cbce4
c3da055b4f1c6b91a79d82ec2ecf8671	594212dc9dee3e57edd70786b81fb032	1379	https://downloads.hmpdacc.org/dacc/hhs/genome/microbiome/wgs/analysis/hmgs/v1/PGA/SRS051882/SRS051882-annotation.slimmap.v2.bz2	faab18e1a137731cffda8825609cbce4
1670203039de370df9a35a04374751d1	1fe287470dabb664aba891e91c4725a8	7665	https://downloads.hmpdacc.org/dacc/hhs/genome/microbiome/wgs/analysis/hmmrc/v1/SRS051882_vs_KEGG_v54.tar.bz2	faab18e1a137731cffda8825609cbce4
1670203039de370df9a35a0437373cea	01d36ca0a356f6dffb003b18c5fd6a56	7665	https://downloads.hmpdacc.org/dacc/hhs/genome/microbiome/wgs/analysis/hmmrc/v1/SRS015369_vs_KEGG_v54.tar.bz2	faab18e1a137731cffda882560340c9d
c3da055b4f1c6b91a79d82ec2ec05c7f	eb0fd814bb9b02e10afc839ac9c63269	1362	https://downloads.hmpdacc.org/dacc/hhs/genome/microbiome/wgs/analysis/hmgs/v1/PGA/SRS015369/SRS015369-annotation.slimmap.v2.bz2	faab18e1a137731cffda882560340c9d
c3da055b4f1c6b91a79d82ec2ea80768	9587d19899408fe6ae48d4543c7355f0	4442260	https://downloads.hmpdacc.org/dacc/hhs/genome/microbiome/wgs/analysis/hmgoi/v1/GeneAbundances/SRS015369.genels.txt.bz2	faab18e1a137731cffda882560340c9d
1670203039de370df9a35a0437478e5a	c4d24cc24ec88c599a56e6aa0456a1f8	7665	https://downloads.hmpdacc.org/dacc/hhs/genome/microbiome/wgs/analysis/hmmrc/v1/SRS042284_vs_KEGG_v54.tar.bz2	faab18e1a137731cffda8825609d4f18
c3da055b4f1c6b91a79d82ec2eb8d4d9	16d429a739d1b1140cda8ad125cb168e	4442260	https://downloads.hmpdacc.org/dacc/hhs/genome/microbiome/wgs/analysis/hmgoi/v1/GeneAbundances/SRS042284.genels.txt.bz2	faab18e1a137731cffda8825609d4f18
c3da055b4f1c6b91a79d82ec2ecfc793	3c1f54c80abfbd59bbcb9a8881cd789f	1370	https://downloads.hmpdacc.org/dacc/hhs/genome/microbiome/wgs/analysis/hmgs/v1/PGA/SRS042284/SRS042284-annotation.slimmap.v2.bz2	faab18e1a137731cffda8825609d4f18
c3da055b4f1c6b91a79d82ec2eb53d96	287fbe91e891549a48c074b40d906208	4442260	https://downloads.hmpdacc.org/dacc/hhs/genome/microbiome/wgs/analysis/hmgoi/v1/GeneAbundances/SRS024625.genels.txt.bz2	faab18e1a137731cffda88256085d81a
1670203039de370df9a35a043743de7e	96af524e705ce05dad1a2543c83542a4	7665	https://downloads.hmpdacc.org/dacc/hhs/genome/microbiome/wgs/analysis/hmmrc/v1/SRS024625_vs_KEGG_v54.tar.bz2	faab18e1a137731cffda88256085d81a
c3da055b4f1c6b91a79d82ec2ecc5ef4	78cd30e2c4db2304a6a9c512c171bef5	1380	https://downloads.hmpdacc.org/dacc/hhs/genome/microbiome/wgs/analysis/hmgs/v1/PGA/SRS024625/SRS024625-annotation.slimmap.v2.bz2	faab18e1a137731cffda88256085d81a
1670203039de370df9a35a043739a073	24876d27e01a2d477750d240e93394a0	7665	https://downloads.hmpdacc.org/dacc/hhs/genome/microbiome/wgs/analysis/hmmrc/v1/SRS016495_vs_KEGG_v54.tar.bz2	faab18e1a137731cffda8825603df169
c3da055b4f1c6b91a79d82ec2ec26bcc	fdae9a94fc1a15eb65c8512dc5d80cbb	1383	https://downloads.hmpdacc.org/dacc/hhs/genome/microbiome/wgs/analysis/hmgs/v1/PGA/SRS016495/SRS016495-annotation.slimmap.v2.bz2	faab18e1a137731cffda8825603df169
1670203039de370df9a35a043739ce3e	c88fef5ec73b7c3897ece5c4fb4c7fbb	7665	https://downloads.hmpdacc.org/dacc/hhs/genome/microbiome/wgs/analysis/hmmrc/v1/SRS016517_vs_KEGG_v54.tar.bz2	faab18e1a137731cffda8825603df169
c3da055b4f1c6b91a79d82ec2eaaa7b6	8dba5d7b3c1e13d16a098bafce1004b4	4442260	https://downloads.hmpdacc.org/dacc/hhs/genome/microbiome/wgs/analysis/hmgoi/v1/GeneAbundances/SRS016517.genels.txt.bz2	faab18e1a137731cffda8825603df169
c3da055b4f1c6b91a79d82ec2eaa72e3	336e0e59cf8abbf5655bfd95d125d0a6	4442260	https://downloads.hmpdacc.org/dacc/hhs/genome/microbiome/wgs/analysis/hmgoi/v1/GeneAbundances/SRS016495.genels.txt.bz2	faab18e1a137731cffda8825603df169
c3da055b4f1c6b91a79d82ec2ebd5db1	6d519e64b449ebfd940f7c3648bbf46f	1398	https://downloads.hmpdacc.org/dacc/hhs/genome/microbiome/wgs/analysis/hmgs/v1/PGA/SRS013687/SRS013687-annotation.slimmap.v2.bz2	faab18e1a137731cffda88256027d4c0
1670203039de370df9a35a0437345bfa	192f007522d10373dffcf7c59fb2ab09	7665	https://downloads.hmpdacc.org/dacc/hhs/genome/microbiome/wgs/analysis/hmmrc/v1/SRS013687_vs_KEGG_v54.tar.bz2	faab18e1a137731cffda88256027d4c0
c3da055b4f1c6b91a79d82ec2ea55db5	dca2647902d68784ac31461866dbea31	4442260	https://downloads.hmpdacc.org/dacc/hhs/genome/microbiome/wgs/analysis/hmgoi/v1/GeneAbundances/SRS013687.genels.txt.bz2	faab18e1a137731cffda88256027d4c0
1670203039de370df9a35a0437440bf8	89b6577309d45ee9a77602b221db01d6	7665	https://downloads.hmpdacc.org/dacc/hhs/genome/microbiome/wgs/analysis/hmmrc/v1/SRS045004_vs_KEGG_v54.tar.bz2	faab18e1a137731cffda88256087cf68
c3da055b4f1c6b91a79d82ec2ecc8782	6d5e3469978f9cbc50a7cb884389f73d	1374	https://downloads.hmpdacc.org/dacc/hhs/genome/microbiome/wgs/analysis/hmgs/v1/PGA/SRS045004/SRS045004-annotation.slimmap.v2.bz2	faab18e1a137731cffda88256087cf68
c3da055b4f1c6b91a79d82ec2eb57123	54281910121c96fafef272b9d2f1f917	4442260	https://downloads.hmpdacc.org/dacc/hhs/genome/microbiome/wgs/analysis/hmgoi/v1/GeneAbundances/SRS045004.genels.txt.bz2	faab18e1a137731cffda88256087cf68
1670203039de370df9a35a043744f092	d4fa4c8cf731e4d5ac16191823c5cc18	7665	https://downloads.hmpdacc.org/dacc/hhs/genome/microbiome/wgs/analysis/hmmrc/v1/SRS043411_vs_KEGG_v54.tar.bz2	faab18e1a137731cffda8825608f39c3
c3da055b4f1c6b91a79d82ec2ecda37b	69f9e846d2a7f40a6e7dc8da878aac6a	1371	https://downloads.hmpdacc.org/dacc/hhs/genome/microbiome/wgs/analysis/hmgs/v1/PGA/SRS043411/SRS043411-annotation.slimmap.v2.bz2	faab18e1a137731cffda8825608f39c3
c3da055b4f1c6b91a79d82ec2eb64dac	deab29824c5f54a961f29b6669990bfa	4442260	https://downloads.hmpdacc.org/dacc/hhs/genome/microbiome/wgs/analysis/hmgoi/v1/GeneAbundances/SRS043411.genels.txt.bz2	faab18e1a137731cffda8825608f39c3
c3da055b4f1c6b91a79d82ec2ec9ae2c	1a80d4aa1790adec5f2dc5b8904606d7	1382	https://downloads.hmpdacc.org/dacc/hhs/genome/microbiome/wgs/analysis/hmgs/v1/PGA/SRS022137/SRS022137-annotation.slimmap.v2.bz2	faab18e1a137731cffda8825606fb660
c3da055b4f1c6b91a79d82ec2eb2292d	b5d03cf2a7a911bbe1a86dade132572d	4442260	https://downloads.hmpdacc.org/dacc/hhs/genome/microbiome/wgs/analysis/hmgoi/v1/GeneAbundances/SRS022137.genels.txt.bz2	faab18e1a137731cffda8825606fb660
1670203039de370df9a35a0437413bfa	d939445f21dbb7384d7aed80424cd441	7665	https://downloads.hmpdacc.org/dacc/hhs/genome/microbiome/wgs/analysis/hmmrc/v1/SRS022137_vs_KEGG_v54.tar.bz2	faab18e1a137731cffda8825606fb660
c3da055b4f1c6b91a79d82ec2ec95813	90634689889f3b005e2c0f175136445a	1386	https://downloads.hmpdacc.org/dacc/hhs/genome/microbiome/wgs/analysis/hmgs/v1/PGA/SRS021948/SRS021948-annotation.slimmap.v2.bz2	faab18e1a137731cffda8825606e2fac
1670203039de370df9a35a043740ec87	9ecd288f45af46c6f3575d51de5ccf5b	7665	https://downloads.hmpdacc.org/dacc/hhs/genome/microbiome/wgs/analysis/hmmrc/v1/SRS021948_vs_KEGG_v54.tar.bz2	faab18e1a137731cffda8825606e2fac
c3da055b4f1c6b91a79d82ec2eb1c668	e194e284c6f3714ab3bc419eefd2824f	4442260	https://downloads.hmpdacc.org/dacc/hhs/genome/microbiome/wgs/analysis/hmgoi/v1/GeneAbundances/SRS021948.genels.txt.bz2	faab18e1a137731cffda8825606e2fac
1670203039de370df9a35a0437484883	96a22a00ce858fe932e76fd10e07fe68	7665	https://downloads.hmpdacc.org/dacc/hhs/genome/microbiome/wgs/analysis/hmmrc/v1/SRS045645_vs_KEGG_v54.tar.bz2	faab18e1a137731cffda882560b3374c
c3da055b4f1c6b91a79d82ec2ed06266	0771d61b66e84182eb72977284465064	1378	https://downloads.hmpdacc.org/dacc/hhs/genome/microbiome/wgs/analysis/hmgs/v1/PGA/SRS045645/SRS045645-annotation.slimmap.v2.bz2	faab18e1a137731cffda882560b3374c
c3da055b4f1c6b91a79d82ec2eb99fe5	f595f26c6b991e9369f3b7810b3e5764	4442260	https://downloads.hmpdacc.org/dacc/hhs/genome/microbiome/wgs/analysis/hmgoi/v1/GeneAbundances/SRS045645.genels.txt.bz2	faab18e1a137731cffda882560b3374c
c3da055b4f1c6b91a79d82ec2ed1e77e	2fafd9d06c16b2695649ea8c852280ba	1371	https://downloads.hmpdacc.org/dacc/hhs/genome/microbiome/wgs/analysis/hmgs/v1/PGA/SRS064557/SRS064557-annotation.slimmap.v2.bz2	faab18e1a137731cffda882560cae107
c3da055b4f1c6b91a79d82ec2ebb3d4d	4fbc5c38cbc6b95ec82f9c17d8fcdde8	4442260	https://downloads.hmpdacc.org/dacc/hhs/genome/microbiome/wgs/analysis/hmgoi/v1/GeneAbundances/SRS064557.genels.txt.bz2	faab18e1a137731cffda882560cae107
1670203039de370df9a35a0437499db4	79ab8f0c727f72835ea59c679fdf342e	7665	https://downloads.hmpdacc.org/dacc/hhs/genome/microbiome/wgs/analysis/hmmrc/v1/SRS064557_vs_KEGG_v54.tar.bz2	faab18e1a137731cffda882560cae107
c3da055b4f1c6b91a79d82ec2eabd1d9	0757ae72b8f2b7142cb37bdb16c26e6c	4442260	https://downloads.hmpdacc.org/dacc/hhs/genome/microbiome/wgs/analysis/hmgoi/v1/GeneAbundances/SRS017191.genels.txt.bz2	faab18e1a137731cffda88256044785d
c3da055b4f1c6b91a79d82ec2ec35f12	79335a2554498a08071ab5db7e628b80	1397	https://downloads.hmpdacc.org/dacc/hhs/genome/microbiome/wgs/analysis/hmgs/v1/PGA/SRS017191/SRS017191-annotation.slimmap.v2.bz2	faab18e1a137731cffda88256044785d
1670203039de370df9a35a04373ad356	d45e06bcb85aad179824329fba82a23e	7665	https://downloads.hmpdacc.org/dacc/hhs/genome/microbiome/wgs/analysis/hmmrc/v1/SRS017191_vs_KEGG_v54.tar.bz2	faab18e1a137731cffda88256044785d
1670203039de370df9a35a0437427094	448e749cdc6fb68f37261effeb746e3a	7665	https://downloads.hmpdacc.org/dacc/hhs/genome/microbiome/wgs/analysis/hmmrc/v1/SRS023914_vs_KEGG_v54.tar.bz2	faab18e1a137731cffda8825607e8e8e
c3da055b4f1c6b91a79d82ec2ecab2d1	771e92ffc7b1e66b39c0c1e6b1a57cdd	1404	https://downloads.hmpdacc.org/dacc/hhs/genome/microbiome/wgs/analysis/hmgs/v1/PGA/SRS023914/SRS023914-annotation.slimmap.v2.bz2	faab18e1a137731cffda8825607e8e8e
c3da055b4f1c6b91a79d82ec2eb391e9	aae8399c7ededceb7628da0b47e806f1	4442260	https://downloads.hmpdacc.org/dacc/hhs/genome/microbiome/wgs/analysis/hmgoi/v1/GeneAbundances/SRS023914.genels.txt.bz2	faab18e1a137731cffda8825607e8e8e
1670203039de370df9a35a0437461927	6e74b544b97f13e3c2285ea36a27eb72	7665	https://downloads.hmpdacc.org/dacc/hhs/genome/microbiome/wgs/analysis/hmmrc/v1/SRS052697_vs_KEGG_v54.tar.bz2	faab18e1a137731cffda88256098ae74
c3da055b4f1c6b91a79d82ec2ecea21a	c102974ada1f279b09220fad9be34bd4	1396	https://downloads.hmpdacc.org/dacc/hhs/genome/microbiome/wgs/analysis/hmgs/v1/PGA/SRS052697/SRS052697-annotation.slimmap.v2.bz2	faab18e1a137731cffda88256098ae74
c3da055b4f1c6b91a79d82ec2eb78c34	22e6c42f8e570dfc842ae199bdfbd4d4	4442260	https://downloads.hmpdacc.org/dacc/hhs/genome/microbiome/wgs/analysis/hmgoi/v1/GeneAbundances/SRS052697.genels.txt.bz2	faab18e1a137731cffda88256098ae74
c3da055b4f1c6b91a79d82ec2eb6ce3a	75512aec1857ce24eb7924486c70aeb8	4442260	https://downloads.hmpdacc.org/dacc/hhs/genome/microbiome/wgs/analysis/hmgoi/v1/GeneAbundances/SRS049164.genels.txt.bz2	faab18e1a137731cffda88256093b345
c3da055b4f1c6b91a79d82ec2ece285d	8375ce1f57733b9ad0446a7942766539	1394	https://downloads.hmpdacc.org/dacc/hhs/genome/microbiome/wgs/analysis/hmgs/v1/PGA/SRS047014/SRS047014-annotation.slimmap.v2.bz2	faab18e1a137731cffda88256093b345
1670203039de370df9a35a0437457ba8	0a90a7d64190dd17ccba314e828891b0	7665	https://downloads.hmpdacc.org/dacc/hhs/genome/microbiome/wgs/analysis/hmmrc/v1/SRS047014_vs_KEGG_v54.tar.bz2	faab18e1a137731cffda88256093b345
c3da055b4f1c6b91a79d82ec2eb6c042	644c9f1dfdc0285e5a4c1eedb56a60b3	4442260	https://downloads.hmpdacc.org/dacc/hhs/genome/microbiome/wgs/analysis/hmgoi/v1/GeneAbundances/SRS047014.genels.txt.bz2	faab18e1a137731cffda88256093b345
1670203039de370df9a35a0437458038	bf5eb374caea523cb1cd03eb0c8e510f	7665	https://downloads.hmpdacc.org/dacc/hhs/genome/microbiome/wgs/analysis/hmmrc/v1/SRS049164_vs_KEGG_v54.tar.bz2	faab18e1a137731cffda88256093b345
c3da055b4f1c6b91a79d82ec2eb9267f	2f9d5dabca8fb8dc2871ba19c2c35e38	4442260	https://downloads.hmpdacc.org/dacc/hhs/genome/microbiome/wgs/analysis/hmgoi/v1/GeneAbundances/SRS053214.genels.txt.bz2	faab18e1a137731cffda8825609fb11f
1670203039de370df9a35a043747e369	bc312ff38092e9698b6646130ae57829	7665	https://downloads.hmpdacc.org/dacc/hhs/genome/microbiome/wgs/analysis/hmmrc/v1/SRS053214_vs_KEGG_v54.tar.bz2	faab18e1a137731cffda8825609fb11f
c3da055b4f1c6b91a79d82ec2ebd51de	e05ff049fb5bb95fda31e08573b4284c	1391	https://downloads.hmpdacc.org/dacc/hhs/genome/microbiome/wgs/analysis/hmgs/v1/PGA/SRS011529/SRS011529-annotation.slimmap.v2.bz2	faab18e1a137731cffda88256026b813
c3da055b4f1c6b91a79d82ec2ea55016	d6a1ff9fcb130e6498f92de5fca3e11d	4442260	https://downloads.hmpdacc.org/dacc/hhs/genome/microbiome/wgs/analysis/hmgoi/v1/GeneAbundances/SRS011529.genels.txt.bz2	faab18e1a137731cffda88256026b813
1670203039de370df9a35a0437345a33	e08a5b7725223b9fc5a9898e1e739742	7665	https://downloads.hmpdacc.org/dacc/hhs/genome/microbiome/wgs/analysis/hmmrc/v1/SRS011529_vs_KEGG_v54.tar.bz2	faab18e1a137731cffda88256026b813
1670203039de370df9a35a0437479ede	ac48f863ef66c49617b9f34f34e76c08	7665	https://downloads.hmpdacc.org/dacc/hhs/genome/microbiome/wgs/analysis/hmmrc/v1/SRS043701_vs_KEGG_v54.tar.bz2	faab18e1a137731cffda8825609ec93e
c3da055b4f1c6b91a79d82ec2ecfd7d1	fd1448a782f49804564ccc0be61ffbed	1389	https://downloads.hmpdacc.org/dacc/hhs/genome/microbiome/wgs/analysis/hmgs/v1/PGA/SRS043701/SRS043701-annotation.slimmap.v2.bz2	faab18e1a137731cffda8825609ec93e
c3da055b4f1c6b91a79d82ec2eb8efcb	e73f7e327a30347bde86b1815be003a5	4442260	https://downloads.hmpdacc.org/dacc/hhs/genome/microbiome/wgs/analysis/hmgoi/v1/GeneAbundances/SRS043701.genels.txt.bz2	faab18e1a137731cffda8825609ec93e
1670203039de370df9a35a043745370e	c4b3d7a6bb54645f1fd9d2b78a0aec73	7665	https://downloads.hmpdacc.org/dacc/hhs/genome/microbiome/wgs/analysis/hmmrc/v1/SRS056259_vs_KEGG_v54.tar.bz2	faab18e1a137731cffda88256092046a
c3da055b4f1c6b91a79d82ec2ecdee0d	2ca5143c2f6d38dabd23b87e9e62e028	1379	https://downloads.hmpdacc.org/dacc/hhs/genome/microbiome/wgs/analysis/hmgs/v1/PGA/SRS056259/SRS056259-annotation.slimmap.v2.bz2	faab18e1a137731cffda88256092046a
c3da055b4f1c6b91a79d82ec2eb692c1	e3fbc9104bcb6ffc4061cbc75a26df43	4442260	https://downloads.hmpdacc.org/dacc/hhs/genome/microbiome/wgs/analysis/hmgoi/v1/GeneAbundances/SRS056259.genels.txt.bz2	faab18e1a137731cffda88256092046a
c3da055b4f1c6b91a79d82ec2eb28352	b2351ba0d6023deea16e7d5425f37187	4442260	https://downloads.hmpdacc.org/dacc/hhs/genome/microbiome/wgs/analysis/hmgoi/v1/GeneAbundances/SRS022609.genels.txt.bz2	faab18e1a137731cffda88256073bb69
1670203039de370df9a35a0437418cb4	085ffcb863279f4396ecf5bdc816fef4	7665	https://downloads.hmpdacc.org/dacc/hhs/genome/microbiome/wgs/analysis/hmmrc/v1/SRS022609_vs_KEGG_v54.tar.bz2	faab18e1a137731cffda88256073bb69
c3da055b4f1c6b91a79d82ec2ec9e6e1	f8937237e89d2275321a0e8f85a3a5f6	1405	https://downloads.hmpdacc.org/dacc/hhs/genome/microbiome/wgs/analysis/hmgs/v1/PGA/SRS022609/SRS022609-annotation.slimmap.v2.bz2	faab18e1a137731cffda88256073bb69
c3da055b4f1c6b91a79d82ec2ebc2043	61e1053762e149281253688250340911	1380	https://downloads.hmpdacc.org/dacc/hhs/genome/microbiome/wgs/analysis/hmgs/v1/PGA/SRS011061/SRS011061-annotation.slimmap.v2.bz2	faab18e1a137731cffda8825601fc775
1670203039de370df9a35a043732cc2c	e80a36e025fffd864697ca91c0db5bb0	7665	https://downloads.hmpdacc.org/dacc/hhs/genome/microbiome/wgs/analysis/hmmrc/v1/SRS011061_vs_KEGG_v54.tar.bz2	faab18e1a137731cffda8825601fc775
c3da055b4f1c6b91a79d82ec2ea3f1eb	035afbcccbecbef46064a49f429f0502	4442260	https://downloads.hmpdacc.org/dacc/hhs/genome/microbiome/wgs/analysis/hmgoi/v1/GeneAbundances/SRS011061.genels.txt.bz2	faab18e1a137731cffda8825601fc775
c3da055b4f1c6b91a79d82ec2ea5406d	7c32dca7bc677ba03d8f08c4150ce586	4442260	https://downloads.hmpdacc.org/dacc/hhs/genome/microbiome/wgs/analysis/hmgoi/v1/GeneAbundances/SRS013521.genels.txt.bz2	faab18e1a137731cffda882560263413
c3da055b4f1c6b91a79d82ec2ebd3f87	423d5aa279b177e46a3588ab2d8a0374	1365	https://downloads.hmpdacc.org/dacc/hhs/genome/microbiome/wgs/analysis/hmgs/v1/PGA/SRS013521/SRS013521-annotation.slimmap.v2.bz2	faab18e1a137731cffda882560263413
1670203039de370df9a35a043734444a	7e2ac735cae59441ab7a2db64a105e96	7665	https://downloads.hmpdacc.org/dacc/hhs/genome/microbiome/wgs/analysis/hmmrc/v1/SRS013521_vs_KEGG_v54.tar.bz2	faab18e1a137731cffda882560263413
c3da055b4f1c6b91a79d82ec2ea3b10e	d3a05beb60487b1190a85bd23c2a66dd	4442260	https://downloads.hmpdacc.org/dacc/hhs/genome/microbiome/wgs/analysis/hmgoi/v1/GeneAbundances/SRS012273.genels.txt.bz2	faab18e1a137731cffda8825601f6863
c3da055b4f1c6b91a79d82ec2ebbe993	f899ba39198950e35e19c3dc295f9c80	1409	https://downloads.hmpdacc.org/dacc/hhs/genome/microbiome/wgs/analysis/hmgs/v1/PGA/SRS012273/SRS012273-annotation.slimmap.v2.bz2	faab18e1a137731cffda8825601f6863
1670203039de370df9a35a0437328b1c	e0f444ccd791ff86857a1d9b3a9d13e7	7665	https://downloads.hmpdacc.org/dacc/hhs/genome/microbiome/wgs/analysis/hmmrc/v1/SRS012273_vs_KEGG_v54.tar.bz2	faab18e1a137731cffda8825601f6863
c3da055b4f1c6b91a79d82ec2eb09266	d3e03025cd57565cb81c4f4b7edcba21	4442260	https://downloads.hmpdacc.org/dacc/hhs/genome/microbiome/wgs/analysis/hmgoi/v1/GeneAbundances/SRS050752.genels.txt.bz2	faab18e1a137731cffda8825605d5647
c3da055b4f1c6b91a79d82ec2ec834f6	ec2137c5671b565254c9d0d851a3b817	1408	https://downloads.hmpdacc.org/dacc/hhs/genome/microbiome/wgs/analysis/hmgs/v1/PGA/SRS050752/SRS050752-annotation.slimmap.v2.bz2	faab18e1a137731cffda8825605d5647
1670203039de370df9a35a04373fdaa7	39387509ee46e19755fb2e21822fd17c	7665	https://downloads.hmpdacc.org/dacc/hhs/genome/microbiome/wgs/analysis/hmmrc/v1/SRS050752_vs_KEGG_v54.tar.bz2	faab18e1a137731cffda8825605d5647
c3da055b4f1c6b91a79d82ec2eadbd9d	5e2d29bd3964fada9544020dace2c73c	4442260	https://downloads.hmpdacc.org/dacc/hhs/genome/microbiome/wgs/analysis/hmgoi/v1/GeneAbundances/SRS018817.genels.txt.bz2	faab18e1a137731cffda8825605185b9
c3da055b4f1c6b91a79d82ec2ec53fa7	e58efa6dd6845fcff0518f7c2f68a863	1376	https://downloads.hmpdacc.org/dacc/hhs/genome/microbiome/wgs/analysis/hmgs/v1/PGA/SRS018817/SRS018817-annotation.slimmap.v2.bz2	faab18e1a137731cffda8825605185b9
1670203039de370df9a35a04373cdf14	86e4042107437febd9a7bee923ec5cc8	7665	https://downloads.hmpdacc.org/dacc/hhs/genome/microbiome/wgs/analysis/hmmrc/v1/SRS018817_vs_KEGG_v54.tar.bz2	faab18e1a137731cffda8825605185b9
c3da055b4f1c6b91a79d82ec2ed10078	e49812adb182ed1964382fafd843d759	1375	https://downloads.hmpdacc.org/dacc/hhs/genome/microbiome/wgs/analysis/hmgs/v1/PGA/SRS062427/SRS062427-annotation.slimmap.v2.bz2	faab18e1a137731cffda882560c28a3e
1670203039de370df9a35a043748dcc2	00420df075594e5d60f502887dec4ee2	7665	https://downloads.hmpdacc.org/dacc/hhs/genome/microbiome/wgs/analysis/hmmrc/v1/SRS062427_vs_KEGG_v54.tar.bz2	faab18e1a137731cffda882560c28a3e
c3da055b4f1c6b91a79d82ec2eba66d8	f4899e4efcfac114b88799c2c20f88a3	4442260	https://downloads.hmpdacc.org/dacc/hhs/genome/microbiome/wgs/analysis/hmgoi/v1/GeneAbundances/SRS062427.genels.txt.bz2	faab18e1a137731cffda882560c28a3e
c3da055b4f1c6b91a79d82ec2ec4992b	8cd548b27a68d5097d73ca002bab36aa	1375	https://downloads.hmpdacc.org/dacc/hhs/genome/microbiome/wgs/analysis/hmgs/v1/PGA/SRS018351/SRS018351-annotation.slimmap.v2.bz2	faab18e1a137731cffda8825604d81a2
c3da055b4f1c6b91a79d82ec2ead085e	1d246ebc31c8ac978e661e4e5daf38fd	4442260	https://downloads.hmpdacc.org/dacc/hhs/genome/microbiome/wgs/analysis/hmgoi/v1/GeneAbundances/SRS018351.genels.txt.bz2	faab18e1a137731cffda8825604d81a2
1670203039de370df9a35a04373c1e83	d1b72b2df28a76955a79ca5fe4360e0d	7665	https://downloads.hmpdacc.org/dacc/hhs/genome/microbiome/wgs/analysis/hmmrc/v1/SRS018351_vs_KEGG_v54.tar.bz2	faab18e1a137731cffda8825604d81a2
c3da055b4f1c6b91a79d82ec2ec7b50b	e5d8ee75fd5dbfe8ed8d4fb5204500e3	1397	https://downloads.hmpdacc.org/dacc/hhs/genome/microbiome/wgs/analysis/hmgs/v1/PGA/SRS049959/SRS049959-annotation.slimmap.v2.bz2	faab18e1a137731cffda8825605a1b14
c3da055b4f1c6b91a79d82ec2eb019b1	cb85fee41edb0b177e17f61e8774331a	4442260	https://downloads.hmpdacc.org/dacc/hhs/genome/microbiome/wgs/analysis/hmgoi/v1/GeneAbundances/SRS049959.genels.txt.bz2	faab18e1a137731cffda8825605a1b14
1670203039de370df9a35a04373f53b1	0ad14bb8604d4b9da37da762697ef182	7665	https://downloads.hmpdacc.org/dacc/hhs/genome/microbiome/wgs/analysis/hmmrc/v1/SRS049959_vs_KEGG_v54.tar.bz2	faab18e1a137731cffda8825605a1b14
c3da055b4f1c6b91a79d82ec2ebf45b9	6dc52c6d4ed2043c28beaed2bb6e0915	1395	https://downloads.hmpdacc.org/dacc/hhs/genome/microbiome/wgs/analysis/hmgs/v1/PGA/SRS014923/SRS014923-annotation.slimmap.v2.bz2	faab18e1a137731cffda8825602ff324
1670203039de370df9a35a043736166b	03c62478af6e567b103d0fd2593445ae	7665	https://downloads.hmpdacc.org/dacc/hhs/genome/microbiome/wgs/analysis/hmmrc/v1/SRS014923_vs_KEGG_v54.tar.bz2	faab18e1a137731cffda8825602ff324
c3da055b4f1c6b91a79d82ec2ea7218a	a8a884fc6f1af1be102463011cb9c13a	4442260	https://downloads.hmpdacc.org/dacc/hhs/genome/microbiome/wgs/analysis/hmgoi/v1/GeneAbundances/SRS014923.genels.txt.bz2	faab18e1a137731cffda8825602ff324
c3da055b4f1c6b91a79d82ec2eb409d1	5bd55f58e9b931d2566d9c173d650808	4442260	https://downloads.hmpdacc.org/dacc/hhs/genome/microbiome/wgs/analysis/hmgoi/v1/GeneAbundances/SRS024132.genels.txt.bz2	faab18e1a137731cffda882560806e83
1670203039de370df9a35a043742ead8	e103589b5db7a4827238e14226d6bc6c	7665	https://downloads.hmpdacc.org/dacc/hhs/genome/microbiome/wgs/analysis/hmmrc/v1/SRS024132_vs_KEGG_v54.tar.bz2	faab18e1a137731cffda882560806e83
c3da055b4f1c6b91a79d82ec2ecb5c43	237c8e80f1b7614cedd45ec63a762f2d	1399	https://downloads.hmpdacc.org/dacc/hhs/genome/microbiome/wgs/analysis/hmgs/v1/PGA/SRS024132/SRS024132-annotation.slimmap.v2.bz2	faab18e1a137731cffda882560806e83
c3da055b4f1c6b91a79d82ec2eb60503	8746e20a9645e533026e87412f43766e	4442260	https://downloads.hmpdacc.org/dacc/hhs/genome/microbiome/wgs/analysis/hmgoi/v1/GeneAbundances/SRS050925.genels.txt.bz2	faab18e1a137731cffda8825608d006a
c3da055b4f1c6b91a79d82ec2ecd3228	16b97c4eaf23957bd2ce84c158fb8195	1398	https://downloads.hmpdacc.org/dacc/hhs/genome/microbiome/wgs/analysis/hmgs/v1/PGA/SRS050925/SRS050925-annotation.slimmap.v2.bz2	faab18e1a137731cffda8825608d006a
1670203039de370df9a35a04374493b5	8bc4c612ff24e9e76347d810b0a3aead	7665	https://downloads.hmpdacc.org/dacc/hhs/genome/microbiome/wgs/analysis/hmmrc/v1/SRS050925_vs_KEGG_v54.tar.bz2	faab18e1a137731cffda8825608d006a
1670203039de370df9a35a043742fd39	42d7667f1198cd005d3971bfcab062ca	7665	https://downloads.hmpdacc.org/dacc/hhs/genome/microbiome/wgs/analysis/hmmrc/v1/SRS024265_vs_KEGG_v54.tar.bz2	faab18e1a137731cffda88256081e7ea
c3da055b4f1c6b91a79d82ec2eb42b28	5ed081847997dff3a9f465a364e5e072	4442260	https://downloads.hmpdacc.org/dacc/hhs/genome/microbiome/wgs/analysis/hmgoi/v1/GeneAbundances/SRS024265.genels.txt.bz2	faab18e1a137731cffda88256081e7ea
c3da055b4f1c6b91a79d82ec2ecb85b8	9910af720ed29db6b6c4cb85d7ff3906	1375	https://downloads.hmpdacc.org/dacc/hhs/genome/microbiome/wgs/analysis/hmgs/v1/PGA/SRS024265/SRS024265-annotation.slimmap.v2.bz2	faab18e1a137731cffda88256081e7ea
c3da055b4f1c6b91a79d82ec2ec5eb7f	4cb67707300ed569233e20ee63e7a330	1377	https://downloads.hmpdacc.org/dacc/hhs/genome/microbiome/wgs/analysis/hmgs/v1/PGA/SRS019030/SRS019030-annotation.slimmap.v2.bz2	faab18e1a137731cffda88256053e2dd
c3da055b4f1c6b91a79d82ec2eae4413	2ffc633b5d0f6acb254eb0056fa2d9e4	4442260	https://downloads.hmpdacc.org/dacc/hhs/genome/microbiome/wgs/analysis/hmgoi/v1/GeneAbundances/SRS019030.genels.txt.bz2	faab18e1a137731cffda88256053e2dd
1670203039de370df9a35a04373d6471	22e275788aaabe0bad8907cce70191e0	7665	https://downloads.hmpdacc.org/dacc/hhs/genome/microbiome/wgs/analysis/hmmrc/v1/SRS019030_vs_KEGG_v54.tar.bz2	faab18e1a137731cffda88256053e2dd
1670203039de370df9a35a043741135d	b73f37e904fd99daf8f59910f1af9c7d	7665	https://downloads.hmpdacc.org/dacc/hhs/genome/microbiome/wgs/analysis/hmmrc/v1/SRS022071_vs_KEGG_v54.tar.bz2	faab18e1a137731cffda8825606f2763
c3da055b4f1c6b91a79d82ec2eb1ed78	5353f333aff4d2146f55eee522d4734a	4442260	https://downloads.hmpdacc.org/dacc/hhs/genome/microbiome/wgs/analysis/hmgoi/v1/GeneAbundances/SRS022071.genels.txt.bz2	faab18e1a137731cffda8825606f2763
c3da055b4f1c6b91a79d82ec2ec98546	687b4d5602ae354bf175ea41e93289ef	1393	https://downloads.hmpdacc.org/dacc/hhs/genome/microbiome/wgs/analysis/hmgs/v1/PGA/SRS022071/SRS022071-annotation.slimmap.v2.bz2	faab18e1a137731cffda8825606f2763
c3da055b4f1c6b91a79d82ec2ec70e14	e09df0fe55be5c7871bb14f49a193e0a	1376	https://downloads.hmpdacc.org/dacc/hhs/genome/microbiome/wgs/analysis/hmgs/v1/PGA/SRS019397/SRS019397-annotation.slimmap.v2.bz2	faab18e1a137731cffda882560566b70
1670203039de370df9a35a04373ebbda	7903bf28a70becb6f8abaa676948a191	7665	https://downloads.hmpdacc.org/dacc/hhs/genome/microbiome/wgs/analysis/hmmrc/v1/SRS019397_vs_KEGG_v54.tar.bz2	faab18e1a137731cffda882560566b70
c3da055b4f1c6b91a79d82ec2eaf7f14	51d4f751b46f24aef93d39285bd84e70	4442260	https://downloads.hmpdacc.org/dacc/hhs/genome/microbiome/wgs/analysis/hmgoi/v1/GeneAbundances/SRS019397.genels.txt.bz2	faab18e1a137731cffda882560566b70
1670203039de370df9a35a043744a727	f9d9335a628d134fbaeb1e6f77b657d0	7665	https://downloads.hmpdacc.org/dacc/hhs/genome/microbiome/wgs/analysis/hmmrc/v1/SRS056519_vs_KEGG_v54.tar.bz2	faab18e1a137731cffda8825608e6439
c3da055b4f1c6b91a79d82ec2ecd4c22	1e7bd377deee6c2c88a0423d542b4341	1376	https://downloads.hmpdacc.org/dacc/hhs/genome/microbiome/wgs/analysis/hmgs/v1/PGA/SRS056519/SRS056519-annotation.slimmap.v2.bz2	faab18e1a137731cffda8825608e6439
c3da055b4f1c6b91a79d82ec2eb61924	4c5e4877e12590b2276342d8b2ef4ee8	4442260	https://downloads.hmpdacc.org/dacc/hhs/genome/microbiome/wgs/analysis/hmgoi/v1/GeneAbundances/SRS056519.genels.txt.bz2	faab18e1a137731cffda8825608e6439
1670203039de370df9a35a043748be56	074ea4a4d958281cec8438910c281cc2	7665	https://downloads.hmpdacc.org/dacc/hhs/genome/microbiome/wgs/analysis/hmmrc/v1/SRS075398_vs_KEGG_v54.tar.bz2	faab18e1a137731cffda882560bf4627
c3da055b4f1c6b91a79d82ec2eba36ab	9588d3c07b7d1f52f627a5e68fea6418	4442260	https://downloads.hmpdacc.org/dacc/hhs/genome/microbiome/wgs/analysis/hmgoi/v1/GeneAbundances/SRS075398.genels.txt.bz2	faab18e1a137731cffda882560bf4627
c3da055b4f1c6b91a79d82ec2eb71ee6	5564114310821a61dc4d6af10d839a4c	4442260	https://downloads.hmpdacc.org/dacc/hhs/genome/microbiome/wgs/analysis/hmgoi/v1/GeneAbundances/SRS054956.genels.txt.bz2	faab18e1a137731cffda88256097e8b9
c3da055b4f1c6b91a79d82ec2ece6052	63d78a75214050bdb2b6c2edc03853c4	1394	https://downloads.hmpdacc.org/dacc/hhs/genome/microbiome/wgs/analysis/hmgs/v1/PGA/SRS054956/SRS054956-annotation.slimmap.v2.bz2	faab18e1a137731cffda88256097e8b9
1670203039de370df9a35a043745cf1d	088cc745a293046dbd42c58ad5c5c7e6	7665	https://downloads.hmpdacc.org/dacc/hhs/genome/microbiome/wgs/analysis/hmmrc/v1/SRS054956_vs_KEGG_v54.tar.bz2	faab18e1a137731cffda88256097e8b9
c3da055b4f1c6b91a79d82ec2ead6ca4	1e9e28372a70fd5a30d3f7363972d1b9	4442260	https://downloads.hmpdacc.org/dacc/hhs/genome/microbiome/wgs/analysis/hmgoi/v1/GeneAbundances/SRS018656.genels.txt.bz2	faab18e1a137731cffda882560501192
1670203039de370df9a35a04373c89a3	0edcae854ea181b7c2dd6407d5d0d0ee	7665	https://downloads.hmpdacc.org/dacc/hhs/genome/microbiome/wgs/analysis/hmmrc/v1/SRS018656_vs_KEGG_v54.tar.bz2	faab18e1a137731cffda882560501192
c3da055b4f1c6b91a79d82ec2ec4f5f4	29f01adec1e4a14c742cb02456e247cf	1365	https://downloads.hmpdacc.org/dacc/hhs/genome/microbiome/wgs/analysis/hmgs/v1/PGA/SRS018656/SRS018656-annotation.slimmap.v2.bz2	faab18e1a137731cffda882560501192
c3da055b4f1c6b91a79d82ec2ec750c0	2fc0ab65564de8931ffce14481313223	1397	https://downloads.hmpdacc.org/dacc/hhs/genome/microbiome/wgs/analysis/hmgs/v1/PGA/SRS019601/SRS019601-annotation.slimmap.v2.bz2	faab18e1a137731cffda88256057d59b
c3da055b4f1c6b91a79d82ec2eafbea6	e4f3816f78953b94054c5d0aa91212dd	4442260	https://downloads.hmpdacc.org/dacc/hhs/genome/microbiome/wgs/analysis/hmgoi/v1/GeneAbundances/SRS019601.genels.txt.bz2	faab18e1a137731cffda88256057d59b
1670203039de370df9a35a04373ef8cc	85154962285bed456beca28d2f675f81	7665	https://downloads.hmpdacc.org/dacc/hhs/genome/microbiome/wgs/analysis/hmmrc/v1/SRS019601_vs_KEGG_v54.tar.bz2	faab18e1a137731cffda88256057d59b
c3da055b4f1c6b91a79d82ec2ebce6ce	55ab140245da190065add2f1262d3063	1347	https://downloads.hmpdacc.org/dacc/hhs/genome/microbiome/wgs/analysis/hmgs/v1/PGA/SRS013215/SRS013215-annotation.slimmap.v2.bz2	faab18e1a137731cffda88256022eaae
1670203039de370df9a35a043733d59d	494682d0d12bfbd7e2273eff978e41f9	7665	https://downloads.hmpdacc.org/dacc/hhs/genome/microbiome/wgs/analysis/hmmrc/v1/SRS013215_vs_KEGG_v54.tar.bz2	faab18e1a137731cffda88256022eaae
c3da055b4f1c6b91a79d82ec2ea4dea7	588da10f4f5fe9705097d50dde3b6878	4442260	https://downloads.hmpdacc.org/dacc/hhs/genome/microbiome/wgs/analysis/hmgoi/v1/GeneAbundances/SRS013215.genels.txt.bz2	faab18e1a137731cffda88256022eaae
c3da055b4f1c6b91a79d82ec2ec31e46	98649de9e283382f682f573a072c157d	1373	https://downloads.hmpdacc.org/dacc/hhs/genome/microbiome/wgs/analysis/hmgs/v1/PGA/SRS016954/SRS016954-annotation.slimmap.v2.bz2	faab18e1a137731cffda882560420672
1670203039de370df9a35a04373a5ab9	0e41b045e168324a2c002a1371863cff	7665	https://downloads.hmpdacc.org/dacc/hhs/genome/microbiome/wgs/analysis/hmmrc/v1/SRS016954.tar.bz2	faab18e1a137731cffda882560420672
c3da055b4f1c6b91a79d82ec2eab5fc9	1df9d8a3a93696bed2ea71b9d385319a	4442260	https://downloads.hmpdacc.org/dacc/hhs/genome/microbiome/wgs/analysis/hmgoi/v1/GeneAbundances/SRS016954.genels.txt.bz2	faab18e1a137731cffda882560420672
1670203039de370df9a35a0437352d59	7ef97ad4aeb5302af857c89dcc1fdabd	7665	https://downloads.hmpdacc.org/dacc/hhs/genome/microbiome/wgs/analysis/hmmrc/v1/SRS014313_vs_KEGG_v54.tar.bz2	faab18e1a137731cffda8825602a6cb2
c3da055b4f1c6b91a79d82ec2ebe3af8	ff4c737aaabe0de28030cba229274897	1365	https://downloads.hmpdacc.org/dacc/hhs/genome/microbiome/wgs/analysis/hmgs/v1/PGA/SRS014313/SRS014313-annotation.slimmap.v2.bz2	faab18e1a137731cffda8825602a6cb2
c3da055b4f1c6b91a79d82ec2ea62db1	abcaeac02d5d75fd3ff83f9666503c1d	4442260	https://downloads.hmpdacc.org/dacc/hhs/genome/microbiome/wgs/analysis/hmgoi/v1/GeneAbundances/SRS014313.genels.txt.bz2	faab18e1a137731cffda8825602a6cb2
1670203039de370df9a35a04373519a5	17fb7c55c270f58d200bba82fb2f36cf	7665	https://downloads.hmpdacc.org/dacc/hhs/genome/microbiome/wgs/analysis/hmmrc/v1/SRS014235_vs_KEGG_v54.tar.bz2	faab18e1a137731cffda882560298abb
c3da055b4f1c6b91a79d82ec2ebe2d47	0259b0589ac1d74b03b7359306c08c2d	1399	https://downloads.hmpdacc.org/dacc/hhs/genome/microbiome/wgs/analysis/hmgs/v1/PGA/SRS014235/SRS014235-annotation.slimmap.v2.bz2	faab18e1a137731cffda882560298abb
c3da055b4f1c6b91a79d82ec2ea60d23	37909f001e0ee1defaaf851639781b5b	4442260	https://downloads.hmpdacc.org/dacc/hhs/genome/microbiome/wgs/analysis/hmgoi/v1/GeneAbundances/SRS014235.genels.txt.bz2	faab18e1a137731cffda882560298abb
1670203039de370df9a35a043737c7dc	6a89cfd98d65994002c8fc3a48a09dfc	7665	https://downloads.hmpdacc.org/dacc/hhs/genome/microbiome/wgs/analysis/hmmrc/v1/SRS015578_vs_KEGG_v54.tar.bz2	faab18e1a137731cffda8825603596e3
c3da055b4f1c6b91a79d82ec2ec0c49f	dd75ab159a4f4734e87eb9551e4dea5f	1393	https://downloads.hmpdacc.org/dacc/hhs/genome/microbiome/wgs/analysis/hmgs/v1/PGA/SRS015578/SRS015578-annotation.slimmap.v2.bz2	faab18e1a137731cffda8825603596e3
c3da055b4f1c6b91a79d82ec2ea87054	71902ce8d481afbfb7498de1079d49a6	4442260	https://downloads.hmpdacc.org/dacc/hhs/genome/microbiome/wgs/analysis/hmgoi/v1/GeneAbundances/SRS015578.genels.txt.bz2	faab18e1a137731cffda8825603596e3
c3da055b4f1c6b91a79d82ec2ea8ccaf	40459bf6431c8faef646dc5c1c1cd621	4442260	https://downloads.hmpdacc.org/dacc/hhs/genome/microbiome/wgs/analysis/hmgoi/v1/GeneAbundances/SRS015782.genels.txt.bz2	faab18e1a137731cffda882560374be4
1670203039de370df9a35a0437382143	c193bed99c66b30a79f163083c9c496d	7665	https://downloads.hmpdacc.org/dacc/hhs/genome/microbiome/wgs/analysis/hmmrc/v1/SRS015782_vs_KEGG_v54.tar.bz2	faab18e1a137731cffda882560374be4
c3da055b4f1c6b91a79d82ec2ec11e66	2bed146c2a450c0340b3d3d698c8f762	1398	https://downloads.hmpdacc.org/dacc/hhs/genome/microbiome/wgs/analysis/hmgs/v1/PGA/SRS015782/SRS015782-annotation.slimmap.v2.bz2	faab18e1a137731cffda882560374be4
c3da055b4f1c6b91a79d82ec2ebfb657	b698e09b099b6101520ebc5957267a5b	1397	https://downloads.hmpdacc.org/dacc/hhs/genome/microbiome/wgs/analysis/hmgs/v1/PGA/SRS015065/SRS015065-annotation.slimmap.v2.bz2	faab18e1a137731cffda88256031660c
c3da055b4f1c6b91a79d82ec2ea79f2d	4e53cc4867d5b388dc8e4c57266f90f7	4442260	https://downloads.hmpdacc.org/dacc/hhs/genome/microbiome/wgs/analysis/hmgoi/v1/GeneAbundances/SRS015065.genels.txt.bz2	faab18e1a137731cffda88256031660c
1670203039de370df9a35a043736924b	c4c94fa64e06b9a9cb86dce3ee56a39d	7665	https://downloads.hmpdacc.org/dacc/hhs/genome/microbiome/wgs/analysis/hmmrc/v1/SRS015065_vs_KEGG_v54.tar.bz2	faab18e1a137731cffda88256031660c
1670203039de370df9a35a0437406331	88ddf6593ed407dce298d1cb66cf1439	7665	https://downloads.hmpdacc.org/dacc/hhs/genome/microbiome/wgs/analysis/hmmrc/v1/SRS020233_vs_KEGG_v54.tar.bz2	faab18e1a137731cffda8825606094a5
c3da055b4f1c6b91a79d82ec2ec8cc91	db93b08fa1836cedbab1bd85836e5e35	1406	https://downloads.hmpdacc.org/dacc/hhs/genome/microbiome/wgs/analysis/hmgs/v1/PGA/SRS020233/SRS020233-annotation.slimmap.v2.bz2	faab18e1a137731cffda8825606094a5
c3da055b4f1c6b91a79d82ec2eb12c2a	6dd4d44a8a659b5c592a23f441a9c37b	4442260	https://downloads.hmpdacc.org/dacc/hhs/genome/microbiome/wgs/analysis/hmgoi/v1/GeneAbundances/SRS020233.genels.txt.bz2	faab18e1a137731cffda8825606094a5
1670203039de370df9a35a043742d279	b7269b73084b5600eb33626dff6ba1ed	7665	https://downloads.hmpdacc.org/dacc/hhs/genome/microbiome/wgs/analysis/hmmrc/v1/SRS024075_vs_KEGG_v54.tar.bz2	faab18e1a137731cffda8825607fd982
c3da055b4f1c6b91a79d82ec2ecb31f8	78dfdcdf0d779b04424a9bffec134bc8	1378	https://downloads.hmpdacc.org/dacc/hhs/genome/microbiome/wgs/analysis/hmgs/v1/PGA/SRS024075/SRS024075-annotation.slimmap.v2.bz2	faab18e1a137731cffda8825607fd982
c3da055b4f1c6b91a79d82ec2eb3f7c7	1d0b383210639cf146d7e9bb19da1ca1	4442260	https://downloads.hmpdacc.org/dacc/hhs/genome/microbiome/wgs/analysis/hmgoi/v1/GeneAbundances/SRS024075.genels.txt.bz2	faab18e1a137731cffda8825607fd982
c3da055b4f1c6b91a79d82ec2eaba44f	c5515d98b5fa478f57fecc9a486b5943	4442260	https://downloads.hmpdacc.org/dacc/hhs/genome/microbiome/wgs/analysis/hmgoi/v1/GeneAbundances/SRS017103.genels.txt.bz2	faab18e1a137731cffda8825604374e2
1670203039de370df9a35a04373ab147	c45c85b8dea94b7f4cc625dfb360957d	7665	https://downloads.hmpdacc.org/dacc/hhs/genome/microbiome/wgs/analysis/hmmrc/v1/SRS017103_vs_KEGG_v54.tar.bz2	faab18e1a137731cffda8825604374e2
c3da055b4f1c6b91a79d82ec2ec348f6	447e5c1101e6dc4e5286cca499c45c17	1395	https://downloads.hmpdacc.org/dacc/hhs/genome/microbiome/wgs/analysis/hmgs/v1/PGA/SRS017103/SRS017103-annotation.slimmap.v2.bz2	faab18e1a137731cffda8825604374e2
c3da055b4f1c6b91a79d82ec2eb7e90a	7921a8146a2c0bdbf4cdfaae7c065392	4442260	https://downloads.hmpdacc.org/dacc/hhs/genome/microbiome/wgs/analysis/hmgoi/v1/GeneAbundances/SRS043001.genels.txt.bz2	faab18e1a137731cffda882560995d78
1670203039de370df9a35a043746934c	f34504153f181ac47ec9e3487398d50b	7665	https://downloads.hmpdacc.org/dacc/hhs/genome/microbiome/wgs/analysis/hmmrc/v1/SRS043001_vs_KEGG_v54.tar.bz2	faab18e1a137731cffda882560995d78
c3da055b4f1c6b91a79d82ec2ecef6e3	3476c1272abeedeac2818ea8122d7c3f	1369	https://downloads.hmpdacc.org/dacc/hhs/genome/microbiome/wgs/analysis/hmgs/v1/PGA/SRS043001/SRS043001-annotation.slimmap.v2.bz2	faab18e1a137731cffda882560995d78
c3da055b4f1c6b91a79d82ec2eafd10d	d4009ad7bea1d85ff01d5d12a79fdf29	4442260	https://downloads.hmpdacc.org/dacc/hhs/genome/microbiome/wgs/analysis/hmgoi/v1/GeneAbundances/SRS019685.genels.txt.bz2	faab18e1a137731cffda882560585fde
1670203039de370df9a35a04373efd66	e701839100333242205c95cc02442ac5	7665	https://downloads.hmpdacc.org/dacc/hhs/genome/microbiome/wgs/analysis/hmmrc/v1/SRS019685_vs_KEGG_v54.tar.bz2	faab18e1a137731cffda882560585fde
c3da055b4f1c6b91a79d82ec2ec76909	040b00694deb591c5b0609d82663a2e5	1397	https://downloads.hmpdacc.org/dacc/hhs/genome/microbiome/wgs/analysis/hmgs/v1/PGA/SRS019685/SRS019685-annotation.slimmap.v2.bz2	faab18e1a137731cffda882560585fde
1670203039de370df9a35a04373ecaed	f6f0560ee5364b447092c0185a54790d	7665	https://downloads.hmpdacc.org/dacc/hhs/genome/microbiome/wgs/analysis/hmmrc/v1/SRS019582_vs_KEGG_v54.tar.bz2	faab18e1a137731cffda88256057ac84
c3da055b4f1c6b91a79d82ec2eaf8b5b	09e5b6ffcfc7dc6642537a19eb353970	4442260	https://downloads.hmpdacc.org/dacc/hhs/genome/microbiome/wgs/analysis/hmgoi/v1/GeneAbundances/SRS019582.genels.txt.bz2	faab18e1a137731cffda88256057ac84
c3da055b4f1c6b91a79d82ec2ec71ac3	7d93ed1579998db9660a731de746e5b9	1393	https://downloads.hmpdacc.org/dacc/hhs/genome/microbiome/wgs/analysis/hmgs/v1/PGA/SRS019582/SRS019582-annotation.slimmap.v2.bz2	faab18e1a137731cffda88256057ac84
c3da055b4f1c6b91a79d82ec2ea991a1	d1d06b0cb1543e0246b766d063e73ff5	4442260	https://downloads.hmpdacc.org/dacc/hhs/genome/microbiome/wgs/analysis/hmgoi/v1/GeneAbundances/SRS016056.genels.txt.bz2	faab18e1a137731cffda88256039d8ad
1670203039de370df9a35a043738e853	b19256403a545bbdbf73885cf3730811	7665	https://downloads.hmpdacc.org/dacc/hhs/genome/microbiome/wgs/analysis/hmmrc/v1/SRS016056_vs_KEGG_v54.tar.bz2	faab18e1a137731cffda88256039d8ad
c3da055b4f1c6b91a79d82ec2ec1d1ef	548d5efc830ae5c490cd39fdaa48f08a	1364	https://downloads.hmpdacc.org/dacc/hhs/genome/microbiome/wgs/analysis/hmgs/v1/PGA/SRS016056/SRS016056-annotation.slimmap.v2.bz2	faab18e1a137731cffda88256039d8ad
c3da055b4f1c6b91a79d82ec2ea8db18	cb0bb0941011b92e209c2ef926b3147d	4442260	https://downloads.hmpdacc.org/dacc/hhs/genome/microbiome/wgs/analysis/hmgoi/v1/GeneAbundances/SRS015794.genels.txt.bz2	faab18e1a137731cffda8825603770fa
1670203039de370df9a35a0437382ea8	6bfff54d9823ed61e9e228f070c2b815	7665	https://downloads.hmpdacc.org/dacc/hhs/genome/microbiome/wgs/analysis/hmmrc/v1/SRS015794_vs_KEGG_v54.tar.bz2	faab18e1a137731cffda8825603770fa
c3da055b4f1c6b91a79d82ec2ec13139	c1a3503021c2165133b129804ada2355	1372	https://downloads.hmpdacc.org/dacc/hhs/genome/microbiome/wgs/analysis/hmgs/v1/PGA/SRS015794/SRS015794-annotation.slimmap.v2.bz2	faab18e1a137731cffda8825603770fa
1670203039de370df9a35a0437361a05	20a08688c633a70b2494f560da25b2ec	7665	https://downloads.hmpdacc.org/dacc/hhs/genome/microbiome/wgs/analysis/hmmrc/v1/SRS014979_vs_KEGG_v54.tar.bz2	faab18e1a137731cffda8825603067bd
c3da055b4f1c6b91a79d82ec2ea727bd	eeb78d4bf07cf1bbb46a9baadc1c16fd	4442260	https://downloads.hmpdacc.org/dacc/hhs/genome/microbiome/wgs/analysis/hmgoi/v1/GeneAbundances/SRS014979.genels.txt.bz2	faab18e1a137731cffda8825603067bd
c3da055b4f1c6b91a79d82ec2ebf48ca	a14153bb94e4c5a6c373820314f44491	1399	https://downloads.hmpdacc.org/dacc/hhs/genome/microbiome/wgs/analysis/hmgs/v1/PGA/SRS014979/SRS014979-annotation.slimmap.v2.bz2	faab18e1a137731cffda8825603067bd
c3da055b4f1c6b91a79d82ec2ebc9e60	e47c137ee1e198964fc12b90a70eac05	1381	https://downloads.hmpdacc.org/dacc/hhs/genome/microbiome/wgs/analysis/hmgs/v1/PGA/SRS011302/SRS011302-annotation.slimmap.v2.bz2	faab18e1a137731cffda882560219901
1670203039de370df9a35a04373377df	6c9112eb708014d6cfc52893608437bb	7665	https://downloads.hmpdacc.org/dacc/hhs/genome/microbiome/wgs/analysis/hmmrc/v1/SRS011302_vs_KEGG_v54.tar.bz2	faab18e1a137731cffda882560219901
c3da055b4f1c6b91a79d82ec2ea4a5ca	baffb7f577afd1969eb7cf94ac29a70f	4442260	https://downloads.hmpdacc.org/dacc/hhs/genome/microbiome/wgs/analysis/hmgoi/v1/GeneAbundances/SRS011302.genels.txt.bz2	faab18e1a137731cffda882560219901
c3da055b4f1c6b91a79d82ec2ea89c4e	7c2acca5f55cfaa7bad7f0f55708a61f	4442260	https://downloads.hmpdacc.org/dacc/hhs/genome/microbiome/wgs/analysis/hmgoi/v1/GeneAbundances/SRS015663.genels.txt.bz2	faab18e1a137731cffda882560365cdb
1670203039de370df9a35a043737f188	ea3a31d0cfc4ff543a4923711b30b59a	7665	https://downloads.hmpdacc.org/dacc/hhs/genome/microbiome/wgs/analysis/hmmrc/v1/SRS015663_vs_KEGG_v54.tar.bz2	faab18e1a137731cffda882560365cdb
c3da055b4f1c6b91a79d82ec2ec0eb74	c06a8893dbba3afe5fc5061bedca01c0	1399	https://downloads.hmpdacc.org/dacc/hhs/genome/microbiome/wgs/analysis/hmgs/v1/PGA/SRS015663/SRS015663-annotation.slimmap.v2.bz2	faab18e1a137731cffda882560365cdb
c3da055b4f1c6b91a79d82ec2ebc6dd8	d96a8a0c512d427dfcf2415efcefb7af	1364	https://downloads.hmpdacc.org/dacc/hhs/genome/microbiome/wgs/analysis/hmgs/v1/PGA/SRS012902/SRS012902-annotation.slimmap.v2.bz2	faab18e1a137731cffda88256020a300
1670203039de370df9a35a0437333a3d	81901449eb65f82a371d5e471b826bf1	7665	https://downloads.hmpdacc.org/dacc/hhs/genome/microbiome/wgs/analysis/hmmrc/v1/SRS012902_vs_KEGG_v54.tar.bz2	faab18e1a137731cffda88256020a300
c3da055b4f1c6b91a79d82ec2ea473c8	71ca3aeac48db0b1ef3590f35edcdb1c	4442260	https://downloads.hmpdacc.org/dacc/hhs/genome/microbiome/wgs/analysis/hmgoi/v1/GeneAbundances/SRS012902.genels.txt.bz2	faab18e1a137731cffda88256020a300
c3da055b4f1c6b91a79d82ec2eceea46	695351ef6956bd60174bc4935ff95a74	1374	https://downloads.hmpdacc.org/dacc/hhs/genome/microbiome/wgs/analysis/hmgs/v1/PGA/SRS053398/SRS053398-annotation.slimmap.v2.bz2	faab18e1a137731cffda882560992b39
c3da055b4f1c6b91a79d82ec2eb7bd53	db466b18b4ec28b986821b984aead275	4442260	https://downloads.hmpdacc.org/dacc/hhs/genome/microbiome/wgs/analysis/hmgoi/v1/GeneAbundances/SRS053398.genels.txt.bz2	faab18e1a137731cffda882560992b39
1670203039de370df9a35a0437465d82	f4d23c05afc11dd4cc7a518cfdd8e1ad	7665	https://downloads.hmpdacc.org/dacc/hhs/genome/microbiome/wgs/analysis/hmmrc/v1/SRS053398_vs_KEGG_v54.tar.bz2	faab18e1a137731cffda882560992b39
c3da055b4f1c6b91a79d82ec2eb02ba8	a465f057a199a51484ecc1efeaafc123	4442260	https://downloads.hmpdacc.org/dacc/hhs/genome/microbiome/wgs/analysis/hmgoi/v1/GeneAbundances/SRS050422.genels.txt.bz2	faab18e1a137731cffda8825605aa22a
1670203039de370df9a35a04373f6c80	82d219cd2d9cc6655b0b6e7d4386d7de	7665	https://downloads.hmpdacc.org/dacc/hhs/genome/microbiome/wgs/analysis/hmmrc/v1/SRS050422_vs_KEGG_v54.tar.bz2	faab18e1a137731cffda8825605aa22a
c3da055b4f1c6b91a79d82ec2ec7cea2	3c02eabba12a005a26cefc1dd3d223f0	1395	https://downloads.hmpdacc.org/dacc/hhs/genome/microbiome/wgs/analysis/hmgs/v1/PGA/SRS050422/SRS050422-annotation.slimmap.v2.bz2	faab18e1a137731cffda8825605aa22a
1670203039de370df9a35a043745b1eb	11f13c0cfc5fb7eba9d0e4fead0dc66a	7665	https://downloads.hmpdacc.org/dacc/hhs/genome/microbiome/wgs/analysis/hmmrc/v1/SRS048870_vs_KEGG_v54.tar.bz2	faab18e1a137731cffda88256097d63d
c3da055b4f1c6b91a79d82ec2eb70a18	1f21cefdc45abcca779b87498f3b0fdf	4442260	https://downloads.hmpdacc.org/dacc/hhs/genome/microbiome/wgs/analysis/hmgoi/v1/GeneAbundances/SRS048870.genels.txt.bz2	faab18e1a137731cffda88256097d63d
c3da055b4f1c6b91a79d82ec2ece4383	4f8f20fc34c78144fa585ae8ad31b35f	1380	https://downloads.hmpdacc.org/dacc/hhs/genome/microbiome/wgs/analysis/hmgs/v1/PGA/SRS048870/SRS048870-annotation.slimmap.v2.bz2	faab18e1a137731cffda88256097d63d
c3da055b4f1c6b91a79d82ec2ec81e52	76fc911875e582c654b6680765cd689c	1376	https://downloads.hmpdacc.org/dacc/hhs/genome/microbiome/wgs/analysis/hmgs/v1/PGA/SRS053335/SRS053335-annotation.slimmap.v2.bz2	faab18e1a137731cffda8825605cddaa
1670203039de370df9a35a04373fbcf1	690fbcf68c4b2ddbd716e31db8e23843	7665	https://downloads.hmpdacc.org/dacc/hhs/genome/microbiome/wgs/analysis/hmmrc/v1/SRS053335_vs_KEGG_v54.tar.bz2	faab18e1a137731cffda8825605cddaa
c3da055b4f1c6b91a79d82ec2eb0818f	e738a5a9ae54c254212a7a16f59fbbdd	4442260	https://downloads.hmpdacc.org/dacc/hhs/genome/microbiome/wgs/analysis/hmgoi/v1/GeneAbundances/SRS053335.genels.txt.bz2	faab18e1a137731cffda8825605cddaa
c3da055b4f1c6b91a79d82ec2eaf198a	19976dbbd9a303f904b5d914e28872c7	4442260	https://downloads.hmpdacc.org/dacc/hhs/genome/microbiome/wgs/analysis/hmgoi/v1/GeneAbundances/SRS019267.genels.txt.bz2	faab18e1a137731cffda88256055593f
1670203039de370df9a35a04373e6a31	8e6d9a98fa15d16c26793c4e65e459ec	7665	https://downloads.hmpdacc.org/dacc/hhs/genome/microbiome/wgs/analysis/hmmrc/v1/SRS019267_vs_KEGG_v54.tar.bz2	faab18e1a137731cffda88256055593f
c3da055b4f1c6b91a79d82ec2ec6c9ca	9e4c79ce630fd80619083fae7229fa9c	1375	https://downloads.hmpdacc.org/dacc/hhs/genome/microbiome/wgs/analysis/hmgs/v1/PGA/SRS019267/SRS019267-annotation.slimmap.v2.bz2	faab18e1a137731cffda88256055593f
c3da055b4f1c6b91a79d82ec2ea7ebbc	ac908affd8393a3089f49ec249770503	4442260	https://downloads.hmpdacc.org/dacc/hhs/genome/microbiome/wgs/analysis/hmgoi/v1/GeneAbundances/SRS015217.genels.txt.bz2	faab18e1a137731cffda8825603274a2
c3da055b4f1c6b91a79d82ec2ec025af	59e1890fa0b11bb1c362e3ef3e543438	1396	https://downloads.hmpdacc.org/dacc/hhs/genome/microbiome/wgs/analysis/hmgs/v1/PGA/SRS015217/SRS015217-annotation.slimmap.v2.bz2	faab18e1a137731cffda8825603274a2
1670203039de370df9a35a04373701b8	07ed64efd055e745e13c19940efccaeb	7665	https://downloads.hmpdacc.org/dacc/hhs/genome/microbiome/wgs/analysis/hmmrc/v1/SRS015217_vs_KEGG_v54.tar.bz2	faab18e1a137731cffda8825603274a2
1670203039de370df9a35a0437442ca0	5b608bd416b063f34db7c372d8e931a0	7665	https://downloads.hmpdacc.org/dacc/hhs/genome/microbiome/wgs/analysis/hmmrc/v1/SRS052027_vs_KEGG_v54.tar.bz2	faab18e1a137731cffda882560883002
c3da055b4f1c6b91a79d82ec2eccb728	c6c0d71e6a4ceaf27df2e74e845d7946	1380	https://downloads.hmpdacc.org/dacc/hhs/genome/microbiome/wgs/analysis/hmgs/v1/PGA/SRS052027/SRS052027-annotation.slimmap.v2.bz2	faab18e1a137731cffda882560883002
c3da055b4f1c6b91a79d82ec2eb59b9c	fe733315b4a0c999d743c95565a8aef0	4442260	https://downloads.hmpdacc.org/dacc/hhs/genome/microbiome/wgs/analysis/hmgoi/v1/GeneAbundances/SRS052027.genels.txt.bz2	faab18e1a137731cffda882560883002
1670203039de370df9a35a0437395a23	e984a3003b3861600a4325c14dd647df	7665	https://downloads.hmpdacc.org/dacc/hhs/genome/microbiome/wgs/analysis/hmmrc/v1/SRS016267_vs_KEGG_v54.tar.bz2	faab18e1a137731cffda8825603baa06
c3da055b4f1c6b91a79d82ec2eaa1d65	acd38f836926d07ec15b9e0adae1babe	4442260	https://downloads.hmpdacc.org/dacc/hhs/genome/microbiome/wgs/analysis/hmgoi/v1/GeneAbundances/SRS016267.genels.txt.bz2	faab18e1a137731cffda8825603baa06
c3da055b4f1c6b91a79d82ec2ec237f4	ee8d64efd1e52abbeb55b3c796011b55	1378	https://downloads.hmpdacc.org/dacc/hhs/genome/microbiome/wgs/analysis/hmgs/v1/PGA/SRS016267/SRS016267-annotation.slimmap.v2.bz2	faab18e1a137731cffda8825603baa06
c3da055b4f1c6b91a79d82ec2eb3576d	ace324a2342fe208bd4e99576d3ceddd	4442260	https://downloads.hmpdacc.org/dacc/hhs/genome/microbiome/wgs/analysis/hmgoi/v1/GeneAbundances/SRS023829.genels.txt.bz2	faab18e1a137731cffda8825607df469
1670203039de370df9a35a0437423ad6	24793e5daa727ea8ff2aebc1a4175145	7665	https://downloads.hmpdacc.org/dacc/hhs/genome/microbiome/wgs/analysis/hmmrc/v1/SRS023829_vs_KEGG_v54.tar.bz2	faab18e1a137731cffda8825607df469
c3da055b4f1c6b91a79d82ec2ec32174	d135292d386cfbaf18ae23477f57f66a	1378	https://downloads.hmpdacc.org/dacc/hhs/genome/microbiome/wgs/analysis/hmgs/v1/PGA/SRS016989/SRS016989-annotation.slimmap.v2.bz2	faab18e1a137731cffda882560428c3f
1670203039de370df9a35a04373a674f	2d79cde3569f1fca2d980846c28ed370	7665	https://downloads.hmpdacc.org/dacc/hhs/genome/microbiome/wgs/analysis/hmmrc/v1/SRS016989_vs_KEGG_v54.tar.bz2	faab18e1a137731cffda882560428c3f
c3da055b4f1c6b91a79d82ec2eab657f	5edc71e7a66fcaf11e737e5edb46fc12	4442260	https://downloads.hmpdacc.org/dacc/hhs/genome/microbiome/wgs/analysis/hmgoi/v1/GeneAbundances/SRS016989.genels.txt.bz2	faab18e1a137731cffda882560428c3f
1670203039de370df9a35a043747ffc1	c71a48ec8cdd703a897a93b95631ece8	7665	https://downloads.hmpdacc.org/dacc/hhs/genome/microbiome/wgs/analysis/hmmrc/v1/SRS057478_vs_KEGG_v54.tar.bz2	faab18e1a137731cffda882560ab8d29
c3da055b4f1c6b91a79d82ec2eb960c3	dacd0195b043fce0db3704222bb727a5	4442260	https://downloads.hmpdacc.org/dacc/hhs/genome/microbiome/wgs/analysis/hmgoi/v1/GeneAbundances/SRS057478.genels.txt.bz2	faab18e1a137731cffda882560ab8d29
1670203039de370df9a35a0437402c0b	7931b8842829fe16fa2a534b3528c02f	7665	https://downloads.hmpdacc.org/dacc/hhs/genome/microbiome/wgs/analysis/hmmrc/v1/SRS019968_vs_KEGG_v54.tar.bz2	faab18e1a137731cffda8825605eeb4c
c3da055b4f1c6b91a79d82ec2ec8730a	1aefbd35f7a0e82528a1d60001ed8c8b	1377	https://downloads.hmpdacc.org/dacc/hhs/genome/microbiome/wgs/analysis/hmgs/v1/PGA/SRS019968/SRS019968-annotation.slimmap.v2.bz2	faab18e1a137731cffda8825605eeb4c
c3da055b4f1c6b91a79d82ec2eb0de75	587536ee47248175740fb136435b0c61	4442260	https://downloads.hmpdacc.org/dacc/hhs/genome/microbiome/wgs/analysis/hmgoi/v1/GeneAbundances/SRS019968.genels.txt.bz2	faab18e1a137731cffda8825605eeb4c
c3da055b4f1c6b91a79d82ec2eac7bc7	e0e47a48834aba3448503743d7f5e171	4442260	https://downloads.hmpdacc.org/dacc/hhs/genome/microbiome/wgs/analysis/hmgoi/v1/GeneAbundances/SRS017701.genels.txt.bz2	faab18e1a137731cffda882560483a39
1670203039de370df9a35a04373b8d73	7e06cf40a9c4a6a38301799f7795e46d	7665	https://downloads.hmpdacc.org/dacc/hhs/genome/microbiome/wgs/analysis/hmmrc/v1/SRS017701_vs_KEGG_v54.tar.bz2	faab18e1a137731cffda882560483a39
c3da055b4f1c6b91a79d82ec2ec4115e	8e0d1dc3833e162bdc0cedcf160c1005	1377	https://downloads.hmpdacc.org/dacc/hhs/genome/microbiome/wgs/analysis/hmgs/v1/PGA/SRS017701/SRS017701-annotation.slimmap.v2.bz2	faab18e1a137731cffda882560483a39
1670203039de370df9a35a0437331a66	5ae49fc56e36e2db71c6e181fb91a8ee	7665	https://downloads.hmpdacc.org/dacc/hhs/genome/microbiome/wgs/analysis/hmmrc/v1/SRS011134_vs_KEGG_v54.tar.bz2	faab18e1a137731cffda882560200771
c3da055b4f1c6b91a79d82ec2ea44b11	b1bb205d145fe5e596c417a5e3e124d8	4442260	https://downloads.hmpdacc.org/dacc/hhs/genome/microbiome/wgs/analysis/hmgoi/v1/GeneAbundances/SRS011134.genels.txt.bz2	faab18e1a137731cffda882560200771
c3da055b4f1c6b91a79d82ec2ebc4bcf	b361f27f512c6ddc5ef45e84281cf5e9	1399	https://downloads.hmpdacc.org/dacc/hhs/genome/microbiome/wgs/analysis/hmgs/v1/PGA/SRS011134/SRS011134-annotation.slimmap.v2.bz2	faab18e1a137731cffda882560200771
c3da055b4f1c6b91a79d82ec2eaefcdb	4572528dc866b13530be27da3f34a7b9	4442260	https://downloads.hmpdacc.org/dacc/hhs/genome/microbiome/wgs/analysis/hmgoi/v1/GeneAbundances/SRS019161.genels.txt.bz2	faab18e1a137731cffda882560548e7d
1670203039de370df9a35a04373e3586	a242376cfc7ba6e27c1fe2a693960a6f	7665	https://downloads.hmpdacc.org/dacc/hhs/genome/microbiome/wgs/analysis/hmmrc/v1/SRS019161_vs_KEGG_v54.tar.bz2	faab18e1a137731cffda882560548e7d
c3da055b4f1c6b91a79d82ec2ec6b512	dad2fc2bee48c6f3da14198fcc61f6fe	1394	https://downloads.hmpdacc.org/dacc/hhs/genome/microbiome/wgs/analysis/hmgs/v1/PGA/SRS019161/SRS019161-annotation.slimmap.v2.bz2	faab18e1a137731cffda882560548e7d
c3da055b4f1c6b91a79d82ec2ecce173	7a59fcbba9c6fecfd273ff6c235e028e	1386	https://downloads.hmpdacc.org/dacc/hhs/genome/microbiome/wgs/analysis/hmgs/v1/PGA/SRS058770/SRS058770-annotation.slimmap.v2.bz2	faab18e1a137731cffda88256088bfea
c3da055b4f1c6b91a79d82ec2eb5b91e	847a19b018e4a8574f4a91435a970928	4442260	https://downloads.hmpdacc.org/dacc/hhs/genome/microbiome/wgs/analysis/hmgoi/v1/GeneAbundances/SRS058770.genels.txt.bz2	faab18e1a137731cffda88256088bfea
1670203039de370df9a35a0437445136	52b170c0cdb1453bf4bc24ba1bca0ff7	7665	https://downloads.hmpdacc.org/dacc/hhs/genome/microbiome/wgs/analysis/hmmrc/v1/SRS058770_vs_KEGG_v54.tar.bz2	faab18e1a137731cffda88256088bfea
1670203039de370df9a35a043749db7c	6e80e14b5cc82dc03da3f27a34e8b093	7665	https://downloads.hmpdacc.org/dacc/hhs/genome/microbiome/wgs/analysis/hmmrc/v1/SRS063985_vs_KEGG_v54.tar.bz2	faab18e1a137731cffda882560cc446d
c3da055b4f1c6b91a79d82ec2ed20e2b	7d417f375c40bdec1734d1e6e2fc54d6	1386	https://downloads.hmpdacc.org/dacc/hhs/genome/microbiome/wgs/analysis/hmgs/v1/PGA/SRS063985/SRS063985-annotation.slimmap.v2.bz2	faab18e1a137731cffda882560cc446d
c3da055b4f1c6b91a79d82ec2ebb67c3	bfba9ec0f7714579c888695f79f25713	4442260	https://downloads.hmpdacc.org/dacc/hhs/genome/microbiome/wgs/analysis/hmgoi/v1/GeneAbundances/SRS063985.genels.txt.bz2	faab18e1a137731cffda882560cc446d
1670203039de370df9a35a043736e687	048d0855da7f7f8388cebf52879bb4e3	7665	https://downloads.hmpdacc.org/dacc/hhs/genome/microbiome/wgs/analysis/hmmrc/v1/SRS015190_vs_KEGG_v54.tar.bz2	faab18e1a137731cffda8825603239d9
c3da055b4f1c6b91a79d82ec2ea7d775	8dffb6dd4afdd3ed4f6eae5e6dd4c04c	4442260	https://downloads.hmpdacc.org/dacc/hhs/genome/microbiome/wgs/analysis/hmgoi/v1/GeneAbundances/SRS015190.genels.txt.bz2	faab18e1a137731cffda8825603239d9
c3da055b4f1c6b91a79d82ec2ebff960	690a183bf4dad8984de5a1e7b2ceca71	1388	https://downloads.hmpdacc.org/dacc/hhs/genome/microbiome/wgs/analysis/hmgs/v1/PGA/SRS015190/SRS015190-annotation.slimmap.v2.bz2	faab18e1a137731cffda8825603239d9
c3da055b4f1c6b91a79d82ec2ebb71b3	ef4b7e80ff4760d8f3b89c63412ee3a6	4442260	https://downloads.hmpdacc.org/dacc/hhs/genome/microbiome/wgs/analysis/hmgoi/v1/GeneAbundances/SRS077730.genels.txt.bz2	faab18e1a137731cffda882560e35e45
1670203039de370df9a35a043749e249	de78a842dbe07bc8ab9817ac707355e8	7665	https://downloads.hmpdacc.org/dacc/hhs/genome/microbiome/wgs/analysis/hmmrc/v1/SRS077730_vs_KEGG_v54.tar.bz2	faab18e1a137731cffda882560e35e45
c3da055b4f1c6b91a79d82ec2ed21a42	9b8e66beebc2c87c67138ffd0fb29c2f	1385	https://downloads.hmpdacc.org/dacc/hhs/genome/microbiome/wgs/analysis/hmgs/v1/PGA/SRS077730/SRS077730-annotation.slimmap.v2.bz2	faab18e1a137731cffda882560e35e45
1670203039de370df9a35a043740b6a7	1670199fef99729f0e3c5b8dae257e01	7665	https://downloads.hmpdacc.org/dacc/hhs/genome/microbiome/wgs/analysis/hmmrc/v1/SRS020869_vs_KEGG_v54.tar.bz2	faab18e1a137731cffda88256065ae75
c3da055b4f1c6b91a79d82ec2eb1a86a	53c4b2d20409ba57087dbf872369e691	4442260	https://downloads.hmpdacc.org/dacc/hhs/genome/microbiome/wgs/analysis/hmgoi/v1/GeneAbundances/SRS020869.genels.txt.bz2	faab18e1a137731cffda88256065ae75
c3da055b4f1c6b91a79d82ec2ec928df	0d4532c4dd7845e4f4fc6a5978a93f51	1392	https://downloads.hmpdacc.org/dacc/hhs/genome/microbiome/wgs/analysis/hmgs/v1/PGA/SRS020869/SRS020869-annotation.slimmap.v2.bz2	faab18e1a137731cffda88256065ae75
1670203039de370df9a35a0437390536	83ecc11fff10efbc20688006ae42985f	7665	https://downloads.hmpdacc.org/dacc/hhs/genome/microbiome/wgs/analysis/hmmrc/v1/SRS016095_vs_KEGG_v54.tar.bz2	faab18e1a137731cffda8825603a0c6a
c3da055b4f1c6b91a79d82ec2ea9b0bb	8f2c20a4757835fb49a84e6b9ef09db2	4442260	https://downloads.hmpdacc.org/dacc/hhs/genome/microbiome/wgs/analysis/hmgoi/v1/GeneAbundances/SRS016095.genels.txt.bz2	faab18e1a137731cffda8825603a0c6a
c3da055b4f1c6b91a79d82ec2ec1e9aa	3710e9b2918d43e541ed65b503614867	1389	https://downloads.hmpdacc.org/dacc/hhs/genome/microbiome/wgs/analysis/hmgs/v1/PGA/SRS016095/SRS016095-annotation.slimmap.v2.bz2	faab18e1a137731cffda8825603a0c6a
c3da055b4f1c6b91a79d82ec2eafdc8f	650eadeb03d3cdfb61d693fdfb8da506	4442260	https://downloads.hmpdacc.org/dacc/hhs/genome/microbiome/wgs/analysis/hmgoi/v1/GeneAbundances/SRS019787.genels.txt.bz2	faab18e1a137731cffda88256058fbb3
c3da055b4f1c6b91a79d82ec2ec76dc9	c2e723fcac6c774be2739bc5bbc5ff51	1377	https://downloads.hmpdacc.org/dacc/hhs/genome/microbiome/wgs/analysis/hmgs/v1/PGA/SRS019787/SRS019787-annotation.slimmap.v2.bz2	faab18e1a137731cffda88256058fbb3
1670203039de370df9a35a04373f0511	c138cfbc61845dbe0525eecf56ca009e	7665	https://downloads.hmpdacc.org/dacc/hhs/genome/microbiome/wgs/analysis/hmmrc/v1/SRS019787_vs_KEGG_v54.tar.bz2	faab18e1a137731cffda88256058fbb3
1670203039de370df9a35a0437397d01	2c4667a8be6f8b047fe16e4b27a4567e	7665	https://downloads.hmpdacc.org/dacc/hhs/genome/microbiome/wgs/analysis/hmmrc/v1/SRS016335_vs_KEGG_v54.tar.bz2	faab18e1a137731cffda8825603c7489
c3da055b4f1c6b91a79d82ec2ec24fe6	15b391f273f0d7b450f21cb11c9cc3ec	1396	https://downloads.hmpdacc.org/dacc/hhs/genome/microbiome/wgs/analysis/hmgs/v1/PGA/SRS016335/SRS016335-annotation.slimmap.v2.bz2	faab18e1a137731cffda8825603c7489
c3da055b4f1c6b91a79d82ec2eaa50b1	d1569f1c221d5afe3bf461a47617cd34	4442260	https://downloads.hmpdacc.org/dacc/hhs/genome/microbiome/wgs/analysis/hmgoi/v1/GeneAbundances/SRS016335.genels.txt.bz2	faab18e1a137731cffda8825603c7489
1670203039de370df9a35a043734f124	d4490e473c510363ff8d5e6e2f5e4027	7665	https://downloads.hmpdacc.org/dacc/hhs/genome/microbiome/wgs/analysis/hmmrc/v1/SRS013951_vs_KEGG_v54.tar.bz2	faab18e1a137731cffda882560292d72
c3da055b4f1c6b91a79d82ec2ea5e58c	84f82b73573e208dfd9b16ad0369a9d9	4442260	https://downloads.hmpdacc.org/dacc/hhs/genome/microbiome/wgs/analysis/hmgoi/v1/GeneAbundances/SRS013951.genels.txt.bz2	faab18e1a137731cffda882560292d72
c3da055b4f1c6b91a79d82ec2ebdfaf1	e84dac08512e86ba0eafe1b6c31b2ce6	1401	https://downloads.hmpdacc.org/dacc/hhs/genome/microbiome/wgs/analysis/hmgs/v1/PGA/SRS013951/SRS013951-annotation.slimmap.v2.bz2	faab18e1a137731cffda882560292d72
1670203039de370df9a35a043738c8ea	738d15932b67510277ec6f606d13af12	7665	https://downloads.hmpdacc.org/dacc/hhs/genome/microbiome/wgs/analysis/hmmrc/v1/SRS016018_vs_KEGG_v54.tar.bz2	faab18e1a137731cffda88256039759f
c3da055b4f1c6b91a79d82ec2ec1a402	19b05121b42d9e5664b18355f2a7f193	1376	https://downloads.hmpdacc.org/dacc/hhs/genome/microbiome/wgs/analysis/hmgs/v1/PGA/SRS016018/SRS016018-annotation.slimmap.v2.bz2	faab18e1a137731cffda88256039759f
c3da055b4f1c6b91a79d82ec2ea95fb1	7558da8a515181a7f1a764e5b8f77636	4442260	https://downloads.hmpdacc.org/dacc/hhs/genome/microbiome/wgs/analysis/hmgoi/v1/GeneAbundances/SRS016018.genels.txt.bz2	faab18e1a137731cffda88256039759f
c3da055b4f1c6b91a79d82ec2eb32d17	80eb6d7e1043a0bd47de4632639d4fd3	4442260	https://downloads.hmpdacc.org/dacc/hhs/genome/microbiome/wgs/analysis/hmgoi/v1/GeneAbundances/SRS023583.genels.txt.bz2	faab18e1a137731cffda8825607bea8f
1670203039de370df9a35a043742157f	d14fecae2d92321750c744674ae0ea80	7665	https://downloads.hmpdacc.org/dacc/hhs/genome/microbiome/wgs/analysis/hmmrc/v1/SRS023583_vs_KEGG_v54.tar.bz2	faab18e1a137731cffda8825607bea8f
c3da055b4f1c6b91a79d82ec2eca6a2a	74df27d753c3e77ae07f453eef0e06b5	1372	https://downloads.hmpdacc.org/dacc/hhs/genome/microbiome/wgs/analysis/hmgs/v1/PGA/SRS023583/SRS023583-annotation.slimmap.v2.bz2	faab18e1a137731cffda8825607bea8f
1670203039de370df9a35a0437341828	b7df37c089a7756f0b695c424f356a57	7665	https://downloads.hmpdacc.org/dacc/hhs/genome/microbiome/wgs/analysis/hmmrc/v1/SRS011452_vs_KEGG_v54.tar.bz2	faab18e1a137731cffda882560245c13
c3da055b4f1c6b91a79d82ec2ea51e9e	0f91814fc04c5e307114507d06d1ed04	4442260	https://downloads.hmpdacc.org/dacc/hhs/genome/microbiome/wgs/analysis/hmgoi/v1/GeneAbundances/SRS011452.genels.txt.bz2	faab18e1a137731cffda882560245c13
c3da055b4f1c6b91a79d82ec2ebd1be2	f127f8239f56c7ea8721e290d18cb244	1346	https://downloads.hmpdacc.org/dacc/hhs/genome/microbiome/wgs/analysis/hmgs/v1/PGA/SRS011452/SRS011452-annotation.slimmap.v2.bz2	faab18e1a137731cffda882560245c13
c3da055b4f1c6b91a79d82ec2ecafece	09e1b2666bd35ad6bcb9e1fe858a8460	1372	https://downloads.hmpdacc.org/dacc/hhs/genome/microbiome/wgs/analysis/hmgs/v1/PGA/SRS024009/SRS024009-annotation.slimmap.v2.bz2	faab18e1a137731cffda8825607f4ef0
1670203039de370df9a35a043735a78d	e600ebb0fb0449592f806762fa274be9	7665	https://downloads.hmpdacc.org/dacc/hhs/genome/microbiome/wgs/analysis/hmmrc/v1/SRS014683_vs_KEGG_v54.tar.bz2	faab18e1a137731cffda8825602dd417
c3da055b4f1c6b91a79d82ec2ebef95c	e09fa904718f7e8d0abaa30b3e2d7bba	1386	https://downloads.hmpdacc.org/dacc/hhs/genome/microbiome/wgs/analysis/hmgs/v1/PGA/SRS014683/SRS014683-annotation.slimmap.v2.bz2	faab18e1a137731cffda8825602dd417
c3da055b4f1c6b91a79d82ec2ea6d659	cc3503fad78b51f2d60a6f1da2faea96	4442260	https://downloads.hmpdacc.org/dacc/hhs/genome/microbiome/wgs/analysis/hmgoi/v1/GeneAbundances/SRS014683.genels.txt.bz2	faab18e1a137731cffda8825602dd417
c3da055b4f1c6b91a79d82ec2eb93a8a	36b8bb5d025db8a6de86cc147add0ef7	4442260	https://downloads.hmpdacc.org/dacc/hhs/genome/microbiome/wgs/analysis/hmgoi/v1/GeneAbundances/SRS055982.genels.txt.bz2	faab18e1a137731cffda882560aa600a
c3da055b4f1c6b91a79d82ec2ed0097a	99352f417ac1d84d1d794e9fadd1f5ff	1378	https://downloads.hmpdacc.org/dacc/hhs/genome/microbiome/wgs/analysis/hmgs/v1/PGA/SRS055982/SRS055982-annotation.slimmap.v2.bz2	faab18e1a137731cffda882560aa600a
1670203039de370df9a35a043747faa7	bcca85476afccfc364519301952c95d3	7665	https://downloads.hmpdacc.org/dacc/hhs/genome/microbiome/wgs/analysis/hmmrc/v1/SRS055982_vs_KEGG_v54.tar.bz2	faab18e1a137731cffda882560aa600a